Pod Name,Container Name,Timestamp,CPU Usage (millicores),Memory Usage (bytes)
oai-udr10-55dfb7cb7d-n6xhf,proxy,2024-06-07 14:25:42,0,226896Ki
oai-udm10-79cb747b85-8js4g,proxy,2024-06-07 14:25:43,0,361008Ki
oai-ausf10-595d745bf6-rtdwl,proxy,2024-06-07 14:25:43,0,222884Ki
oai-amf10-54d4698cb4-69vcc,proxy,2024-06-07 14:25:43,0,413176Ki
oai-smf10-6fcdbd788d-ffxs7,proxy,2024-06-07 14:25:43,.526,241476Ki
oai-udr10-55dfb7cb7d-n6xhf,proxy,2024-06-07 14:25:45,0,226896Ki
oai-udm10-79cb747b85-8js4g,proxy,2024-06-07 14:25:45,0,361008Ki
oai-ausf10-595d745bf6-rtdwl,proxy,2024-06-07 14:25:46,0,222884Ki
oai-amf10-54d4698cb4-69vcc,proxy,2024-06-07 14:25:46,0,413176Ki
oai-smf10-6fcdbd788d-ffxs7,proxy,2024-06-07 14:25:46,.526,241476Ki
oai-udr10-55dfb7cb7d-n6xhf,proxy,2024-06-07 14:25:48,0,226896Ki
oai-udm10-79cb747b85-8js4g,proxy,2024-06-07 14:25:48,0,361008Ki
oai-ausf10-595d745bf6-rtdwl,proxy,2024-06-07 14:25:48,0,222884Ki
oai-amf10-54d4698cb4-69vcc,proxy,2024-06-07 14:25:49,0,413176Ki
oai-smf10-6fcdbd788d-ffxs7,proxy,2024-06-07 14:25:49,.526,241476Ki
oai-udr10-55dfb7cb7d-n6xhf,proxy,2024-06-07 14:25:51,0,226896Ki
oai-udm10-79cb747b85-8js4g,proxy,2024-06-07 14:25:51,0,361008Ki
oai-ausf10-595d745bf6-rtdwl,proxy,2024-06-07 14:25:51,0,222884Ki
oai-amf10-54d4698cb4-69vcc,proxy,2024-06-07 14:25:52,0,413176Ki
oai-smf10-6fcdbd788d-ffxs7,proxy,2024-06-07 14:25:52,.526,241476Ki
oai-udr10-55dfb7cb7d-n6xhf,proxy,2024-06-07 14:25:54,0,226896Ki
oai-udm10-79cb747b85-8js4g,proxy,2024-06-07 14:25:54,0,361008Ki
oai-ausf10-595d745bf6-rtdwl,proxy,2024-06-07 14:25:54,0,222884Ki
oai-amf10-54d4698cb4-69vcc,proxy,2024-06-07 14:25:55,0,413176Ki
oai-smf10-6fcdbd788d-ffxs7,proxy,2024-06-07 14:25:55,.526,241476Ki
oai-udr10-55dfb7cb7d-n6xhf,proxy,2024-06-07 14:25:57,0,226896Ki
oai-udm10-79cb747b85-8js4g,proxy,2024-06-07 14:25:57,47.703,361668Ki
oai-ausf10-595d745bf6-rtdwl,proxy,2024-06-07 14:25:57,18.034,223204Ki
oai-amf10-54d4698cb4-69vcc,proxy,2024-06-07 14:25:57,1.946,413220Ki
oai-smf10-6fcdbd788d-ffxs7,proxy,2024-06-07 14:25:58,5.572,241612Ki
oai-udr10-55dfb7cb7d-n6xhf,proxy,2024-06-07 14:26:00,0,226896Ki
oai-udm10-79cb747b85-8js4g,proxy,2024-06-07 14:26:00,47.703,361668Ki
oai-ausf10-595d745bf6-rtdwl,proxy,2024-06-07 14:26:00,18.034,223204Ki
oai-amf10-54d4698cb4-69vcc,proxy,2024-06-07 14:26:00,1.946,413220Ki
oai-smf10-6fcdbd788d-ffxs7,proxy,2024-06-07 14:26:00,5.572,241612Ki
oai-udr10-55dfb7cb7d-n6xhf,proxy,2024-06-07 14:26:02,0,226896Ki
oai-udm10-79cb747b85-8js4g,proxy,2024-06-07 14:26:03,47.703,361668Ki
oai-ausf10-595d745bf6-rtdwl,proxy,2024-06-07 14:26:03,18.034,223204Ki
oai-amf10-54d4698cb4-69vcc,proxy,2024-06-07 14:26:03,1.946,413220Ki
oai-smf10-6fcdbd788d-ffxs7,proxy,2024-06-07 14:26:03,5.572,241612Ki
oai-udr10-55dfb7cb7d-n6xhf,proxy,2024-06-07 14:26:05,0,226896Ki
oai-udm10-79cb747b85-8js4g,proxy,2024-06-07 14:26:05,47.703,361668Ki
oai-ausf10-595d745bf6-rtdwl,proxy,2024-06-07 14:26:06,18.034,223204Ki
oai-amf10-54d4698cb4-69vcc,proxy,2024-06-07 14:26:06,1.946,413220Ki
oai-smf10-6fcdbd788d-ffxs7,proxy,2024-06-07 14:26:06,5.572,241612Ki
oai-udr10-55dfb7cb7d-n6xhf,proxy,2024-06-07 14:26:08,0,226896Ki
oai-udm10-79cb747b85-8js4g,proxy,2024-06-07 14:26:08,47.703,361668Ki
oai-ausf10-595d745bf6-rtdwl,proxy,2024-06-07 14:26:08,18.034,223204Ki
oai-amf10-54d4698cb4-69vcc,proxy,2024-06-07 14:26:09,1.946,413220Ki
oai-smf10-6fcdbd788d-ffxs7,proxy,2024-06-07 14:26:09,5.572,241612Ki
oai-udr10-55dfb7cb7d-n6xhf,proxy,2024-06-07 14:26:11,177.892,229552Ki
oai-udm10-79cb747b85-8js4g,proxy,2024-06-07 14:26:11,180.846,374424Ki
oai-ausf10-595d745bf6-rtdwl,proxy,2024-06-07 14:26:11,109.127,223508Ki
oai-amf10-54d4698cb4-69vcc,proxy,2024-06-07 14:26:11,93.269,415436Ki
oai-smf10-6fcdbd788d-ffxs7,proxy,2024-06-07 14:26:12,183.848,241712Ki
oai-udr10-55dfb7cb7d-n6xhf,proxy,2024-06-07 14:26:14,177.892,229552Ki
oai-udm10-79cb747b85-8js4g,proxy,2024-06-07 14:26:14,180.846,374424Ki
oai-ausf10-595d745bf6-rtdwl,proxy,2024-06-07 14:26:14,109.127,223508Ki
oai-amf10-54d4698cb4-69vcc,proxy,2024-06-07 14:26:14,93.269,415436Ki
oai-smf10-6fcdbd788d-ffxs7,proxy,2024-06-07 14:26:14,183.848,241712Ki
oai-udr10-55dfb7cb7d-n6xhf,proxy,2024-06-07 14:26:17,177.892,229552Ki
oai-udm10-79cb747b85-8js4g,proxy,2024-06-07 14:26:17,180.846,374424Ki
oai-ausf10-595d745bf6-rtdwl,proxy,2024-06-07 14:26:17,109.127,223508Ki
oai-amf10-54d4698cb4-69vcc,proxy,2024-06-07 14:26:17,93.269,415436Ki
oai-smf10-6fcdbd788d-ffxs7,proxy,2024-06-07 14:26:17,183.848,241712Ki
oai-udr10-55dfb7cb7d-n6xhf,proxy,2024-06-07 14:26:19,177.892,229552Ki
oai-udm10-79cb747b85-8js4g,proxy,2024-06-07 14:26:20,180.846,374424Ki
oai-ausf10-595d745bf6-rtdwl,proxy,2024-06-07 14:26:20,109.127,223508Ki
oai-amf10-54d4698cb4-69vcc,proxy,2024-06-07 14:26:20,93.269,415436Ki
oai-smf10-6fcdbd788d-ffxs7,proxy,2024-06-07 14:26:20,183.848,241712Ki
oai-udr10-55dfb7cb7d-n6xhf,proxy,2024-06-07 14:26:22,177.892,229552Ki
oai-udm10-79cb747b85-8js4g,proxy,2024-06-07 14:26:23,180.846,374424Ki
oai-ausf10-595d745bf6-rtdwl,proxy,2024-06-07 14:26:23,109.127,223508Ki
oai-amf10-54d4698cb4-69vcc,proxy,2024-06-07 14:26:23,93.269,415436Ki
oai-smf10-6fcdbd788d-ffxs7,proxy,2024-06-07 14:26:23,183.848,241712Ki
oai-udr10-55dfb7cb7d-n6xhf,proxy,2024-06-07 14:26:25,177.892,229552Ki
oai-udm10-79cb747b85-8js4g,proxy,2024-06-07 14:26:25,147.143,375344Ki
oai-ausf10-595d745bf6-rtdwl,proxy,2024-06-07 14:26:26,154.133,258784Ki
oai-amf10-54d4698cb4-69vcc,proxy,2024-06-07 14:26:26,93.269,415436Ki
oai-smf10-6fcdbd788d-ffxs7,proxy,2024-06-07 14:26:26,221.201,270016Ki
oai-udr10-55dfb7cb7d-n6xhf,proxy,2024-06-07 14:26:28,177.892,229552Ki
oai-udm10-79cb747b85-8js4g,proxy,2024-06-07 14:26:28,147.143,375344Ki
oai-ausf10-595d745bf6-rtdwl,proxy,2024-06-07 14:26:28,154.133,258784Ki
oai-amf10-54d4698cb4-69vcc,proxy,2024-06-07 14:26:29,93.269,415436Ki
oai-smf10-6fcdbd788d-ffxs7,proxy,2024-06-07 14:26:29,221.201,270016Ki
oai-udr10-55dfb7cb7d-n6xhf,proxy,2024-06-07 14:26:31,177.892,229552Ki
oai-udm10-79cb747b85-8js4g,proxy,2024-06-07 14:26:31,147.143,375344Ki
oai-ausf10-595d745bf6-rtdwl,proxy,2024-06-07 14:26:31,154.133,258784Ki
oai-amf10-54d4698cb4-69vcc,proxy,2024-06-07 14:26:32,93.269,415436Ki
oai-smf10-6fcdbd788d-ffxs7,proxy,2024-06-07 14:26:32,221.201,270016Ki
oai-udr10-55dfb7cb7d-n6xhf,proxy,2024-06-07 14:26:34,177.892,229552Ki
oai-udm10-79cb747b85-8js4g,proxy,2024-06-07 14:26:34,147.143,375344Ki
oai-ausf10-595d745bf6-rtdwl,proxy,2024-06-07 14:26:34,154.133,258784Ki
oai-amf10-54d4698cb4-69vcc,proxy,2024-06-07 14:26:34,93.269,415436Ki
oai-smf10-6fcdbd788d-ffxs7,proxy,2024-06-07 14:26:35,221.201,270016Ki
oai-udr10-55dfb7cb7d-n6xhf,proxy,2024-06-07 14:26:37,177.892,229552Ki
oai-udm10-79cb747b85-8js4g,proxy,2024-06-07 14:26:37,147.143,375344Ki
oai-ausf10-595d745bf6-rtdwl,proxy,2024-06-07 14:26:37,154.133,258784Ki
oai-amf10-54d4698cb4-69vcc,proxy,2024-06-07 14:26:37,93.269,415436Ki
oai-smf10-6fcdbd788d-ffxs7,proxy,2024-06-07 14:26:37,221.201,270016Ki
oai-udr10-55dfb7cb7d-n6xhf,proxy,2024-06-07 14:26:40,177.892,229552Ki
oai-udm10-79cb747b85-8js4g,proxy,2024-06-07 14:26:40,147.143,375344Ki
oai-ausf10-595d745bf6-rtdwl,proxy,2024-06-07 14:26:40,136.049,259656Ki
oai-amf10-54d4698cb4-69vcc,proxy,2024-06-07 14:26:40,113.830,459740Ki
oai-smf10-6fcdbd788d-ffxs7,proxy,2024-06-07 14:26:40,363.892,280532Ki
oai-udr10-55dfb7cb7d-n6xhf,proxy,2024-06-07 14:26:42,208.984,245092Ki
oai-udm10-79cb747b85-8js4g,proxy,2024-06-07 14:26:43,161.593,402624Ki
oai-ausf10-595d745bf6-rtdwl,proxy,2024-06-07 14:26:43,136.049,259656Ki
oai-amf10-54d4698cb4-69vcc,proxy,2024-06-07 14:26:43,113.830,459740Ki
oai-smf10-6fcdbd788d-ffxs7,proxy,2024-06-07 14:26:43,363.892,280532Ki
oai-udr10-55dfb7cb7d-n6xhf,proxy,2024-06-07 14:26:45,208.984,245092Ki
oai-udm10-79cb747b85-8js4g,proxy,2024-06-07 14:26:45,161.593,402624Ki
oai-ausf10-595d745bf6-rtdwl,proxy,2024-06-07 14:26:46,136.049,259656Ki
oai-amf10-54d4698cb4-69vcc,proxy,2024-06-07 14:26:46,113.830,459740Ki
oai-smf10-6fcdbd788d-ffxs7,proxy,2024-06-07 14:26:46,363.892,280532Ki
oai-udr10-55dfb7cb7d-n6xhf,proxy,2024-06-07 14:26:48,208.984,245092Ki
oai-udm10-79cb747b85-8js4g,proxy,2024-06-07 14:26:48,161.593,402624Ki
oai-ausf10-595d745bf6-rtdwl,proxy,2024-06-07 14:26:48,136.049,259656Ki
oai-amf10-54d4698cb4-69vcc,proxy,2024-06-07 14:26:49,113.830,459740Ki
oai-smf10-6fcdbd788d-ffxs7,proxy,2024-06-07 14:26:49,363.892,280532Ki
oai-udr10-55dfb7cb7d-n6xhf,proxy,2024-06-07 14:26:51,208.984,245092Ki
oai-udm10-79cb747b85-8js4g,proxy,2024-06-07 14:26:51,161.593,402624Ki
oai-ausf10-595d745bf6-rtdwl,proxy,2024-06-07 14:26:51,136.049,259656Ki
oai-amf10-54d4698cb4-69vcc,proxy,2024-06-07 14:26:51,113.830,459740Ki
oai-smf10-6fcdbd788d-ffxs7,proxy,2024-06-07 14:26:52,363.892,280532Ki
oai-udr10-55dfb7cb7d-n6xhf,proxy,2024-06-07 14:26:54,208.984,245092Ki
oai-udm10-79cb747b85-8js4g,proxy,2024-06-07 14:26:54,161.593,402624Ki
oai-ausf10-595d745bf6-rtdwl,proxy,2024-06-07 14:26:54,136.049,259656Ki
oai-amf10-54d4698cb4-69vcc,proxy,2024-06-07 14:26:54,113.830,459740Ki
oai-smf10-6fcdbd788d-ffxs7,proxy,2024-06-07 14:26:54,363.892,280532Ki
oai-udr10-55dfb7cb7d-n6xhf,proxy,2024-06-07 14:26:57,292.206,276264Ki
oai-udm10-79cb747b85-8js4g,proxy,2024-06-07 14:26:57,152.851,440556Ki
oai-ausf10-595d745bf6-rtdwl,proxy,2024-06-07 14:26:57,137.050,260700Ki
oai-amf10-54d4698cb4-69vcc,proxy,2024-06-07 14:26:57,116.260,508660Ki
oai-smf10-6fcdbd788d-ffxs7,proxy,2024-06-07 14:26:57,223.101,281276Ki
oai-udr10-55dfb7cb7d-n6xhf,proxy,2024-06-07 14:26:59,292.206,276264Ki
oai-udm10-79cb747b85-8js4g,proxy,2024-06-07 14:27:00,152.851,440556Ki
oai-ausf10-595d745bf6-rtdwl,proxy,2024-06-07 14:27:00,137.050,260700Ki
oai-amf10-54d4698cb4-69vcc,proxy,2024-06-07 14:27:00,116.260,508660Ki
oai-smf10-6fcdbd788d-ffxs7,proxy,2024-06-07 14:27:00,223.101,281276Ki
oai-udr10-55dfb7cb7d-n6xhf,proxy,2024-06-07 14:27:02,292.206,276264Ki
oai-udm10-79cb747b85-8js4g,proxy,2024-06-07 14:27:03,152.851,440556Ki
oai-ausf10-595d745bf6-rtdwl,proxy,2024-06-07 14:27:03,137.050,260700Ki
oai-amf10-54d4698cb4-69vcc,proxy,2024-06-07 14:27:03,116.260,508660Ki
oai-smf10-6fcdbd788d-ffxs7,proxy,2024-06-07 14:27:03,223.101,281276Ki
oai-udr10-55dfb7cb7d-n6xhf,proxy,2024-06-07 14:27:05,292.206,276264Ki
oai-udm10-79cb747b85-8js4g,proxy,2024-06-07 14:27:06,152.851,440556Ki
oai-ausf10-595d745bf6-rtdwl,proxy,2024-06-07 14:27:06,137.050,260700Ki
oai-amf10-54d4698cb4-69vcc,proxy,2024-06-07 14:27:06,116.260,508660Ki
oai-smf10-6fcdbd788d-ffxs7,proxy,2024-06-07 14:27:06,223.101,281276Ki
oai-udr10-55dfb7cb7d-n6xhf,proxy,2024-06-07 14:27:08,292.206,276264Ki
oai-udm10-79cb747b85-8js4g,proxy,2024-06-07 14:27:08,152.851,440556Ki
oai-ausf10-595d745bf6-rtdwl,proxy,2024-06-07 14:27:09,137.050,260700Ki
oai-amf10-54d4698cb4-69vcc,proxy,2024-06-07 14:27:09,116.260,508660Ki
oai-smf10-6fcdbd788d-ffxs7,proxy,2024-06-07 14:27:09,223.101,281276Ki
oai-udr10-55dfb7cb7d-n6xhf,proxy,2024-06-07 14:27:11,173.446,276560Ki
oai-udm10-79cb747b85-8js4g,proxy,2024-06-07 14:27:11,105.932,465516Ki
oai-ausf10-595d745bf6-rtdwl,proxy,2024-06-07 14:27:12,100.276,260940Ki
oai-amf10-54d4698cb4-69vcc,proxy,2024-06-07 14:27:12,132.553,542804Ki
oai-smf10-6fcdbd788d-ffxs7,proxy,2024-06-07 14:27:12,223.101,281276Ki
oai-udr10-55dfb7cb7d-n6xhf,proxy,2024-06-07 14:27:14,173.446,276560Ki
oai-udm10-79cb747b85-8js4g,proxy,2024-06-07 14:27:14,105.932,465516Ki
oai-ausf10-595d745bf6-rtdwl,proxy,2024-06-07 14:27:14,100.276,260940Ki
oai-amf10-54d4698cb4-69vcc,proxy,2024-06-07 14:27:15,132.553,542804Ki
oai-smf10-6fcdbd788d-ffxs7,proxy,2024-06-07 14:27:15,223.101,281276Ki
oai-udr10-55dfb7cb7d-n6xhf,proxy,2024-06-07 14:27:17,173.446,276560Ki
oai-udm10-79cb747b85-8js4g,proxy,2024-06-07 14:27:17,105.932,465516Ki
oai-ausf10-595d745bf6-rtdwl,proxy,2024-06-07 14:27:17,100.276,260940Ki
oai-amf10-54d4698cb4-69vcc,proxy,2024-06-07 14:27:18,132.553,542804Ki
oai-smf10-6fcdbd788d-ffxs7,proxy,2024-06-07 14:27:18,223.101,281276Ki
oai-udr10-55dfb7cb7d-n6xhf,proxy,2024-06-07 14:27:20,173.446,276560Ki
oai-udm10-79cb747b85-8js4g,proxy,2024-06-07 14:27:20,105.932,465516Ki
oai-ausf10-595d745bf6-rtdwl,proxy,2024-06-07 14:27:20,100.276,260940Ki
oai-amf10-54d4698cb4-69vcc,proxy,2024-06-07 14:27:20,132.553,542804Ki
oai-smf10-6fcdbd788d-ffxs7,proxy,2024-06-07 14:27:21,223.101,281276Ki
oai-udr10-55dfb7cb7d-n6xhf,proxy,2024-06-07 14:27:23,173.446,276560Ki
oai-udm10-79cb747b85-8js4g,proxy,2024-06-07 14:27:23,105.932,465516Ki
oai-ausf10-595d745bf6-rtdwl,proxy,2024-06-07 14:27:23,100.276,260940Ki
oai-amf10-54d4698cb4-69vcc,proxy,2024-06-07 14:27:23,132.553,542804Ki
oai-smf10-6fcdbd788d-ffxs7,proxy,2024-06-07 14:27:23,223.101,281276Ki
oai-udr10-55dfb7cb7d-n6xhf,proxy,2024-06-07 14:27:26,150.188,277312Ki
oai-udm10-79cb747b85-8js4g,proxy,2024-06-07 14:27:26,123.804,489564Ki
oai-ausf10-595d745bf6-rtdwl,proxy,2024-06-07 14:27:26,99.687,264864Ki
oai-amf10-54d4698cb4-69vcc,proxy,2024-06-07 14:27:26,80.972,544068Ki
oai-smf10-6fcdbd788d-ffxs7,proxy,2024-06-07 14:27:26,164.863,282272Ki
oai-udr10-55dfb7cb7d-n6xhf,proxy,2024-06-07 14:27:28,150.188,277312Ki
oai-udm10-79cb747b85-8js4g,proxy,2024-06-07 14:27:29,123.804,489564Ki
oai-ausf10-595d745bf6-rtdwl,proxy,2024-06-07 14:27:29,99.687,264864Ki
oai-amf10-54d4698cb4-69vcc,proxy,2024-06-07 14:27:29,80.972,544068Ki
oai-smf10-6fcdbd788d-ffxs7,proxy,2024-06-07 14:27:29,164.863,282272Ki
oai-udr10-55dfb7cb7d-n6xhf,proxy,2024-06-07 14:27:31,150.188,277312Ki
oai-udm10-79cb747b85-8js4g,proxy,2024-06-07 14:27:31,123.804,489564Ki
oai-ausf10-595d745bf6-rtdwl,proxy,2024-06-07 14:27:32,99.687,264864Ki
oai-amf10-54d4698cb4-69vcc,proxy,2024-06-07 14:27:32,80.972,544068Ki
oai-smf10-6fcdbd788d-ffxs7,proxy,2024-06-07 14:27:32,164.863,282272Ki
oai-udr10-55dfb7cb7d-n6xhf,proxy,2024-06-07 14:27:34,150.188,277312Ki
oai-udm10-79cb747b85-8js4g,proxy,2024-06-07 14:27:34,123.804,489564Ki
oai-ausf10-595d745bf6-rtdwl,proxy,2024-06-07 14:27:34,99.687,264864Ki
oai-amf10-54d4698cb4-69vcc,proxy,2024-06-07 14:27:35,80.972,544068Ki
oai-smf10-6fcdbd788d-ffxs7,proxy,2024-06-07 14:27:35,164.863,282272Ki
oai-udr10-55dfb7cb7d-n6xhf,proxy,2024-06-07 14:27:37,150.188,277312Ki
oai-udm10-79cb747b85-8js4g,proxy,2024-06-07 14:27:37,123.804,489564Ki
oai-ausf10-595d745bf6-rtdwl,proxy,2024-06-07 14:27:37,99.687,264864Ki
oai-amf10-54d4698cb4-69vcc,proxy,2024-06-07 14:27:38,80.972,544068Ki
oai-smf10-6fcdbd788d-ffxs7,proxy,2024-06-07 14:27:38,164.863,282272Ki
oai-udr10-55dfb7cb7d-n6xhf,proxy,2024-06-07 14:27:40,37.030,277404Ki
oai-udm10-79cb747b85-8js4g,proxy,2024-06-07 14:27:40,45.045,498300Ki
oai-ausf10-595d745bf6-rtdwl,proxy,2024-06-07 14:27:40,37.792,268636Ki
oai-amf10-54d4698cb4-69vcc,proxy,2024-06-07 14:27:40,41.624,544752Ki
oai-smf10-6fcdbd788d-ffxs7,proxy,2024-06-07 14:27:41,113.655,285844Ki
oai-udr10-55dfb7cb7d-n6xhf,proxy,2024-06-07 14:27:43,37.030,277404Ki
oai-udm10-79cb747b85-8js4g,proxy,2024-06-07 14:27:43,45.045,498300Ki
oai-ausf10-595d745bf6-rtdwl,proxy,2024-06-07 14:27:43,37.792,268636Ki
oai-amf10-54d4698cb4-69vcc,proxy,2024-06-07 14:27:43,41.624,544752Ki
oai-smf10-6fcdbd788d-ffxs7,proxy,2024-06-07 14:27:43,113.655,285844Ki
oai-udr10-55dfb7cb7d-n6xhf,proxy,2024-06-07 14:27:46,37.030,277404Ki
oai-udm10-79cb747b85-8js4g,proxy,2024-06-07 14:27:46,45.045,498300Ki
oai-ausf10-595d745bf6-rtdwl,proxy,2024-06-07 14:27:46,37.792,268636Ki
oai-amf10-54d4698cb4-69vcc,proxy,2024-06-07 14:27:46,41.624,544752Ki
oai-smf10-6fcdbd788d-ffxs7,proxy,2024-06-07 14:27:46,113.655,285844Ki
oai-udr10-55dfb7cb7d-n6xhf,proxy,2024-06-07 14:27:48,37.030,277404Ki
oai-udm10-79cb747b85-8js4g,proxy,2024-06-07 14:27:49,45.045,498300Ki
oai-ausf10-595d745bf6-rtdwl,proxy,2024-06-07 14:27:49,37.792,268636Ki
oai-amf10-54d4698cb4-69vcc,proxy,2024-06-07 14:27:49,41.624,544752Ki
oai-smf10-6fcdbd788d-ffxs7,proxy,2024-06-07 14:27:49,113.655,285844Ki
oai-udr10-55dfb7cb7d-n6xhf,proxy,2024-06-07 14:27:51,37.030,277404Ki
oai-udm10-79cb747b85-8js4g,proxy,2024-06-07 14:27:52,45.045,498300Ki
oai-ausf10-595d745bf6-rtdwl,proxy,2024-06-07 14:27:52,37.792,268636Ki
oai-amf10-54d4698cb4-69vcc,proxy,2024-06-07 14:27:52,41.624,544752Ki
oai-smf10-6fcdbd788d-ffxs7,proxy,2024-06-07 14:27:52,113.655,285844Ki
oai-udr10-55dfb7cb7d-n6xhf,proxy,2024-06-07 14:27:54,37.030,277404Ki
oai-udm10-79cb747b85-8js4g,proxy,2024-06-07 14:27:54,45.045,498300Ki
oai-ausf10-595d745bf6-rtdwl,proxy,2024-06-07 14:27:54,37.792,268636Ki
oai-amf10-54d4698cb4-69vcc,proxy,2024-06-07 14:27:55,41.624,544752Ki
oai-smf10-6fcdbd788d-ffxs7,proxy,2024-06-07 14:27:55,177.639,309452Ki
oai-udr10-55dfb7cb7d-n6xhf,proxy,2024-06-07 14:27:57,191.931,278828Ki
oai-udm10-79cb747b85-8js4g,proxy,2024-06-07 14:27:57,264.505,518660Ki
oai-ausf10-595d745bf6-rtdwl,proxy,2024-06-07 14:27:57,201.376,305616Ki
oai-amf10-54d4698cb4-69vcc,proxy,2024-06-07 14:27:57,111.123,546828Ki
oai-smf10-6fcdbd788d-ffxs7,proxy,2024-06-07 14:27:58,177.639,309452Ki
oai-udr10-55dfb7cb7d-n6xhf,proxy,2024-06-07 14:28:00,191.931,278828Ki
oai-udm10-79cb747b85-8js4g,proxy,2024-06-07 14:28:00,264.505,518660Ki
oai-ausf10-595d745bf6-rtdwl,proxy,2024-06-07 14:28:00,201.376,305616Ki
oai-amf10-54d4698cb4-69vcc,proxy,2024-06-07 14:28:00,111.123,546828Ki
oai-smf10-6fcdbd788d-ffxs7,proxy,2024-06-07 14:28:01,177.639,309452Ki
oai-udr10-55dfb7cb7d-n6xhf,proxy,2024-06-07 14:28:03,191.931,278828Ki
oai-udm10-79cb747b85-8js4g,proxy,2024-06-07 14:28:03,264.505,518660Ki
oai-ausf10-595d745bf6-rtdwl,proxy,2024-06-07 14:28:03,201.376,305616Ki
oai-amf10-54d4698cb4-69vcc,proxy,2024-06-07 14:28:03,111.123,546828Ki
oai-smf10-6fcdbd788d-ffxs7,proxy,2024-06-07 14:28:03,177.639,309452Ki
oai-udr10-55dfb7cb7d-n6xhf,proxy,2024-06-07 14:28:06,191.931,278828Ki
oai-udm10-79cb747b85-8js4g,proxy,2024-06-07 14:28:06,264.505,518660Ki
oai-ausf10-595d745bf6-rtdwl,proxy,2024-06-07 14:28:06,201.376,305616Ki
oai-amf10-54d4698cb4-69vcc,proxy,2024-06-07 14:28:06,111.123,546828Ki
oai-smf10-6fcdbd788d-ffxs7,proxy,2024-06-07 14:28:06,177.639,309452Ki
oai-udr10-55dfb7cb7d-n6xhf,proxy,2024-06-07 14:28:08,191.931,278828Ki
oai-udm10-79cb747b85-8js4g,proxy,2024-06-07 14:28:09,264.505,518660Ki
oai-ausf10-595d745bf6-rtdwl,proxy,2024-06-07 14:28:09,201.376,305616Ki
oai-amf10-54d4698cb4-69vcc,proxy,2024-06-07 14:28:09,111.123,546828Ki
oai-smf10-6fcdbd788d-ffxs7,proxy,2024-06-07 14:28:09,177.639,309452Ki
oai-udr10-55dfb7cb7d-n6xhf,proxy,2024-06-07 14:28:11,214.205,301680Ki
oai-udm10-79cb747b85-8js4g,proxy,2024-06-07 14:28:12,151.263,520600Ki
oai-ausf10-595d745bf6-rtdwl,proxy,2024-06-07 14:28:12,138.212,306916Ki
oai-amf10-54d4698cb4-69vcc,proxy,2024-06-07 14:28:12,117.126,549176Ki
oai-smf10-6fcdbd788d-ffxs7,proxy,2024-06-07 14:28:12,331.956,319460Ki
oai-udr10-55dfb7cb7d-n6xhf,proxy,2024-06-07 14:28:14,214.205,301680Ki
oai-udm10-79cb747b85-8js4g,proxy,2024-06-07 14:28:14,151.263,520600Ki
oai-ausf10-595d745bf6-rtdwl,proxy,2024-06-07 14:28:15,138.212,306916Ki
oai-amf10-54d4698cb4-69vcc,proxy,2024-06-07 14:28:15,117.126,549176Ki
oai-smf10-6fcdbd788d-ffxs7,proxy,2024-06-07 14:28:15,331.956,319460Ki
oai-udr10-55dfb7cb7d-n6xhf,proxy,2024-06-07 14:28:17,214.205,301680Ki
oai-udm10-79cb747b85-8js4g,proxy,2024-06-07 14:28:17,151.263,520600Ki
oai-ausf10-595d745bf6-rtdwl,proxy,2024-06-07 14:28:17,138.212,306916Ki
oai-amf10-54d4698cb4-69vcc,proxy,2024-06-07 14:28:18,117.126,549176Ki
oai-smf10-6fcdbd788d-ffxs7,proxy,2024-06-07 14:28:18,331.956,319460Ki
oai-udr10-55dfb7cb7d-n6xhf,proxy,2024-06-07 14:28:20,214.205,301680Ki
oai-udm10-79cb747b85-8js4g,proxy,2024-06-07 14:28:20,151.263,520600Ki
oai-ausf10-595d745bf6-rtdwl,proxy,2024-06-07 14:28:20,138.212,306916Ki
oai-amf10-54d4698cb4-69vcc,proxy,2024-06-07 14:28:20,117.126,549176Ki
oai-smf10-6fcdbd788d-ffxs7,proxy,2024-06-07 14:28:21,331.956,319460Ki
oai-udr10-55dfb7cb7d-n6xhf,proxy,2024-06-07 14:28:23,214.205,301680Ki
oai-udm10-79cb747b85-8js4g,proxy,2024-06-07 14:28:23,151.263,520600Ki
oai-ausf10-595d745bf6-rtdwl,proxy,2024-06-07 14:28:23,138.212,306916Ki
oai-amf10-54d4698cb4-69vcc,proxy,2024-06-07 14:28:23,117.126,549176Ki
oai-smf10-6fcdbd788d-ffxs7,proxy,2024-06-07 14:28:23,331.956,319460Ki
oai-udr10-55dfb7cb7d-n6xhf,proxy,2024-06-07 14:28:26,333.184,313968Ki
oai-udm10-79cb747b85-8js4g,proxy,2024-06-07 14:28:26,154.121,522280Ki
oai-ausf10-595d745bf6-rtdwl,proxy,2024-06-07 14:28:26,134.231,307584Ki
oai-amf10-54d4698cb4-69vcc,proxy,2024-06-07 14:28:26,113.880,577176Ki
oai-smf10-6fcdbd788d-ffxs7,proxy,2024-06-07 14:28:26,331.956,319460Ki
oai-udr10-55dfb7cb7d-n6xhf,proxy,2024-06-07 14:28:29,333.184,313968Ki
oai-udm10-79cb747b85-8js4g,proxy,2024-06-07 14:28:29,154.121,522280Ki
oai-ausf10-595d745bf6-rtdwl,proxy,2024-06-07 14:28:29,134.231,307584Ki
oai-amf10-54d4698cb4-69vcc,proxy,2024-06-07 14:28:29,113.880,577176Ki
oai-smf10-6fcdbd788d-ffxs7,proxy,2024-06-07 14:28:29,331.956,319460Ki
oai-udr10-55dfb7cb7d-n6xhf,proxy,2024-06-07 14:28:31,333.184,313968Ki
oai-udm10-79cb747b85-8js4g,proxy,2024-06-07 14:28:32,154.121,522280Ki
oai-ausf10-595d745bf6-rtdwl,proxy,2024-06-07 14:28:32,134.231,307584Ki
oai-amf10-54d4698cb4-69vcc,proxy,2024-06-07 14:28:32,113.880,577176Ki
oai-smf10-6fcdbd788d-ffxs7,proxy,2024-06-07 14:28:32,331.956,319460Ki
oai-udr10-55dfb7cb7d-n6xhf,proxy,2024-06-07 14:28:34,333.184,313968Ki
oai-udm10-79cb747b85-8js4g,proxy,2024-06-07 14:28:34,154.121,522280Ki
oai-ausf10-595d745bf6-rtdwl,proxy,2024-06-07 14:28:35,134.231,307584Ki
oai-amf10-54d4698cb4-69vcc,proxy,2024-06-07 14:28:35,113.880,577176Ki
oai-smf10-6fcdbd788d-ffxs7,proxy,2024-06-07 14:28:35,331.956,319460Ki
oai-udr10-55dfb7cb7d-n6xhf,proxy,2024-06-07 14:28:37,333.184,313968Ki
oai-udm10-79cb747b85-8js4g,proxy,2024-06-07 14:28:37,154.121,522280Ki
oai-ausf10-595d745bf6-rtdwl,proxy,2024-06-07 14:28:37,134.231,307584Ki
oai-amf10-54d4698cb4-69vcc,proxy,2024-06-07 14:28:38,113.880,577176Ki
oai-smf10-6fcdbd788d-ffxs7,proxy,2024-06-07 14:28:38,331.956,319460Ki
oai-udr10-55dfb7cb7d-n6xhf,proxy,2024-06-07 14:28:40,199.559,314476Ki
oai-udm10-79cb747b85-8js4g,proxy,2024-06-07 14:28:40,156.580,524956Ki
oai-ausf10-595d745bf6-rtdwl,proxy,2024-06-07 14:28:40,134.000,308376Ki
oai-amf10-54d4698cb4-69vcc,proxy,2024-06-07 14:28:40,109.328,634692Ki
oai-smf10-6fcdbd788d-ffxs7,proxy,2024-06-07 14:28:41,221.071,320352Ki
oai-udr10-55dfb7cb7d-n6xhf,proxy,2024-06-07 14:28:43,199.559,314476Ki
oai-udm10-79cb747b85-8js4g,proxy,2024-06-07 14:28:43,156.580,524956Ki
oai-ausf10-595d745bf6-rtdwl,proxy,2024-06-07 14:28:43,134.000,308376Ki
oai-amf10-54d4698cb4-69vcc,proxy,2024-06-07 14:28:43,109.328,634692Ki
oai-smf10-6fcdbd788d-ffxs7,proxy,2024-06-07 14:28:44,221.071,320352Ki
oai-udr10-55dfb7cb7d-n6xhf,proxy,2024-06-07 14:28:46,199.559,314476Ki
oai-udm10-79cb747b85-8js4g,proxy,2024-06-07 14:28:46,156.580,524956Ki
oai-ausf10-595d745bf6-rtdwl,proxy,2024-06-07 14:28:46,134.000,308376Ki
oai-amf10-54d4698cb4-69vcc,proxy,2024-06-07 14:28:46,109.328,634692Ki
oai-smf10-6fcdbd788d-ffxs7,proxy,2024-06-07 14:28:46,221.071,320352Ki
oai-udr10-55dfb7cb7d-n6xhf,proxy,2024-06-07 14:28:49,199.559,314476Ki
oai-udm10-79cb747b85-8js4g,proxy,2024-06-07 14:28:49,156.580,524956Ki
oai-ausf10-595d745bf6-rtdwl,proxy,2024-06-07 14:28:49,134.000,308376Ki
oai-amf10-54d4698cb4-69vcc,proxy,2024-06-07 14:28:49,109.328,634692Ki
oai-smf10-6fcdbd788d-ffxs7,proxy,2024-06-07 14:28:49,221.071,320352Ki
oai-udr10-55dfb7cb7d-n6xhf,proxy,2024-06-07 14:28:51,199.559,314476Ki
oai-udm10-79cb747b85-8js4g,proxy,2024-06-07 14:28:52,156.580,524956Ki
oai-ausf10-595d745bf6-rtdwl,proxy,2024-06-07 14:28:52,134.000,308376Ki
oai-amf10-54d4698cb4-69vcc,proxy,2024-06-07 14:28:52,109.328,634692Ki
oai-smf10-6fcdbd788d-ffxs7,proxy,2024-06-07 14:28:52,221.071,320352Ki
oai-udr10-55dfb7cb7d-n6xhf,proxy,2024-06-07 14:28:54,199.559,314476Ki
oai-udm10-79cb747b85-8js4g,proxy,2024-06-07 14:28:55,156.580,524956Ki
oai-ausf10-595d745bf6-rtdwl,proxy,2024-06-07 14:28:55,134.000,308376Ki
oai-amf10-54d4698cb4-69vcc,proxy,2024-06-07 14:28:55,109.328,634692Ki
oai-smf10-6fcdbd788d-ffxs7,proxy,2024-06-07 14:28:55,208.653,326520Ki
oai-udr10-55dfb7cb7d-n6xhf,proxy,2024-06-07 14:28:57,199.559,314476Ki
oai-udm10-79cb747b85-8js4g,proxy,2024-06-07 14:28:57,118.475,544760Ki
oai-ausf10-595d745bf6-rtdwl,proxy,2024-06-07 14:28:58,115.090,309356Ki
oai-amf10-54d4698cb4-69vcc,proxy,2024-06-07 14:28:58,109.328,634692Ki
oai-smf10-6fcdbd788d-ffxs7,proxy,2024-06-07 14:28:58,208.653,326520Ki
oai-udr10-55dfb7cb7d-n6xhf,proxy,2024-06-07 14:29:00,199.559,314476Ki
oai-udm10-79cb747b85-8js4g,proxy,2024-06-07 14:29:00,118.475,544760Ki
oai-ausf10-595d745bf6-rtdwl,proxy,2024-06-07 14:29:01,115.090,309356Ki
oai-amf10-54d4698cb4-69vcc,proxy,2024-06-07 14:29:01,109.328,634692Ki
oai-smf10-6fcdbd788d-ffxs7,proxy,2024-06-07 14:29:01,208.653,326520Ki
oai-udr10-55dfb7cb7d-n6xhf,proxy,2024-06-07 14:29:03,199.559,314476Ki
oai-udm10-79cb747b85-8js4g,proxy,2024-06-07 14:29:03,118.475,544760Ki
oai-ausf10-595d745bf6-rtdwl,proxy,2024-06-07 14:29:03,115.090,309356Ki
oai-amf10-54d4698cb4-69vcc,proxy,2024-06-07 14:29:04,109.328,634692Ki
oai-smf10-6fcdbd788d-ffxs7,proxy,2024-06-07 14:29:04,208.653,326520Ki
oai-udr10-55dfb7cb7d-n6xhf,proxy,2024-06-07 14:29:06,199.559,314476Ki
oai-udm10-79cb747b85-8js4g,proxy,2024-06-07 14:29:06,118.475,544760Ki
oai-ausf10-595d745bf6-rtdwl,proxy,2024-06-07 14:29:06,115.090,309356Ki
oai-amf10-54d4698cb4-69vcc,proxy,2024-06-07 14:29:06,109.328,634692Ki
oai-smf10-6fcdbd788d-ffxs7,proxy,2024-06-07 14:29:07,208.653,326520Ki
oai-udr10-55dfb7cb7d-n6xhf,proxy,2024-06-07 14:29:09,199.559,314476Ki
oai-udm10-79cb747b85-8js4g,proxy,2024-06-07 14:29:09,118.475,544760Ki
oai-ausf10-595d745bf6-rtdwl,proxy,2024-06-07 14:29:09,115.090,309356Ki
oai-amf10-54d4698cb4-69vcc,proxy,2024-06-07 14:29:09,109.328,634692Ki
oai-smf10-6fcdbd788d-ffxs7,proxy,2024-06-07 14:29:10,208.653,326520Ki
oai-udr10-55dfb7cb7d-n6xhf,proxy,2024-06-07 14:29:12,141.069,315364Ki
oai-udm10-79cb747b85-8js4g,proxy,2024-06-07 14:29:12,102.470,560692Ki
oai-ausf10-595d745bf6-rtdwl,proxy,2024-06-07 14:29:12,112.284,323904Ki
oai-amf10-54d4698cb4-69vcc,proxy,2024-06-07 14:29:12,221.809,647820Ki
oai-smf10-6fcdbd788d-ffxs7,proxy,2024-06-07 14:29:12,177.468,348028Ki
oai-udr10-55dfb7cb7d-n6xhf,proxy,2024-06-07 14:29:14,141.069,315364Ki
oai-udm10-79cb747b85-8js4g,proxy,2024-06-07 14:29:15,102.470,560692Ki
oai-ausf10-595d745bf6-rtdwl,proxy,2024-06-07 14:29:15,112.284,323904Ki
oai-amf10-54d4698cb4-69vcc,proxy,2024-06-07 14:29:15,221.809,647820Ki
oai-smf10-6fcdbd788d-ffxs7,proxy,2024-06-07 14:29:15,177.468,348028Ki
oai-udr10-55dfb7cb7d-n6xhf,proxy,2024-06-07 14:29:17,141.069,315364Ki
oai-udm10-79cb747b85-8js4g,proxy,2024-06-07 14:29:17,102.470,560692Ki
oai-ausf10-595d745bf6-rtdwl,proxy,2024-06-07 14:29:18,112.284,323904Ki
oai-amf10-54d4698cb4-69vcc,proxy,2024-06-07 14:29:18,221.809,647820Ki
oai-smf10-6fcdbd788d-ffxs7,proxy,2024-06-07 14:29:18,177.468,348028Ki
oai-udr10-55dfb7cb7d-n6xhf,proxy,2024-06-07 14:29:20,141.069,315364Ki
oai-udm10-79cb747b85-8js4g,proxy,2024-06-07 14:29:20,102.470,560692Ki
oai-ausf10-595d745bf6-rtdwl,proxy,2024-06-07 14:29:20,112.284,323904Ki
oai-amf10-54d4698cb4-69vcc,proxy,2024-06-07 14:29:21,221.809,647820Ki
oai-smf10-6fcdbd788d-ffxs7,proxy,2024-06-07 14:29:21,177.468,348028Ki
oai-udr10-55dfb7cb7d-n6xhf,proxy,2024-06-07 14:29:23,141.069,315364Ki
oai-udm10-79cb747b85-8js4g,proxy,2024-06-07 14:29:23,102.470,560692Ki
oai-ausf10-595d745bf6-rtdwl,proxy,2024-06-07 14:29:23,112.284,323904Ki
oai-amf10-54d4698cb4-69vcc,proxy,2024-06-07 14:29:23,221.809,647820Ki
oai-smf10-6fcdbd788d-ffxs7,proxy,2024-06-07 14:29:24,177.468,348028Ki
oai-udr10-55dfb7cb7d-n6xhf,proxy,2024-06-07 14:29:26,141.069,315364Ki
oai-udm10-79cb747b85-8js4g,proxy,2024-06-07 14:29:26,61.632,572172Ki
oai-ausf10-595d745bf6-rtdwl,proxy,2024-06-07 14:29:26,38.155,328956Ki
oai-amf10-54d4698cb4-69vcc,proxy,2024-06-07 14:29:26,54.768,648132Ki
oai-smf10-6fcdbd788d-ffxs7,proxy,2024-06-07 14:29:26,278.067,358088Ki
oai-udr10-55dfb7cb7d-n6xhf,proxy,2024-06-07 14:29:29,141.069,315364Ki
oai-udm10-79cb747b85-8js4g,proxy,2024-06-07 14:29:29,61.632,572172Ki
oai-ausf10-595d745bf6-rtdwl,proxy,2024-06-07 14:29:29,38.155,328956Ki
oai-amf10-54d4698cb4-69vcc,proxy,2024-06-07 14:29:29,54.768,648132Ki
oai-smf10-6fcdbd788d-ffxs7,proxy,2024-06-07 14:29:29,278.067,358088Ki
oai-udr10-55dfb7cb7d-n6xhf,proxy,2024-06-07 14:29:31,141.069,315364Ki
oai-udm10-79cb747b85-8js4g,proxy,2024-06-07 14:29:32,61.632,572172Ki
oai-ausf10-595d745bf6-rtdwl,proxy,2024-06-07 14:29:32,38.155,328956Ki
oai-amf10-54d4698cb4-69vcc,proxy,2024-06-07 14:29:32,54.768,648132Ki
oai-smf10-6fcdbd788d-ffxs7,proxy,2024-06-07 14:29:32,278.067,358088Ki
oai-udr10-55dfb7cb7d-n6xhf,proxy,2024-06-07 14:29:34,141.069,315364Ki
oai-udm10-79cb747b85-8js4g,proxy,2024-06-07 14:29:35,61.632,572172Ki
oai-ausf10-595d745bf6-rtdwl,proxy,2024-06-07 14:29:35,38.155,328956Ki
oai-amf10-54d4698cb4-69vcc,proxy,2024-06-07 14:29:35,54.768,648132Ki
oai-smf10-6fcdbd788d-ffxs7,proxy,2024-06-07 14:29:35,278.067,358088Ki
oai-udr10-55dfb7cb7d-n6xhf,proxy,2024-06-07 14:29:37,141.069,315364Ki
oai-udm10-79cb747b85-8js4g,proxy,2024-06-07 14:29:37,61.632,572172Ki
oai-ausf10-595d745bf6-rtdwl,proxy,2024-06-07 14:29:38,38.155,328956Ki
oai-amf10-54d4698cb4-69vcc,proxy,2024-06-07 14:29:38,54.768,648132Ki
oai-smf10-6fcdbd788d-ffxs7,proxy,2024-06-07 14:29:38,278.067,358088Ki
oai-udr10-55dfb7cb7d-n6xhf,proxy,2024-06-07 14:29:40,183.723,335948Ki
oai-udm10-79cb747b85-8js4g,proxy,2024-06-07 14:29:40,166.828,599692Ki
oai-ausf10-595d745bf6-rtdwl,proxy,2024-06-07 14:29:40,346.465,350132Ki
oai-amf10-54d4698cb4-69vcc,proxy,2024-06-07 14:29:41,92.381,649444Ki
oai-smf10-6fcdbd788d-ffxs7,proxy,2024-06-07 14:29:41,278.067,358088Ki
oai-udr10-55dfb7cb7d-n6xhf,proxy,2024-06-07 14:29:43,183.723,335948Ki
oai-udm10-79cb747b85-8js4g,proxy,2024-06-07 14:29:43,166.828,599692Ki
oai-ausf10-595d745bf6-rtdwl,proxy,2024-06-07 14:29:43,346.465,350132Ki
oai-amf10-54d4698cb4-69vcc,proxy,2024-06-07 14:29:43,92.381,649444Ki
oai-smf10-6fcdbd788d-ffxs7,proxy,2024-06-07 14:29:43,278.067,358088Ki
oai-udr10-55dfb7cb7d-n6xhf,proxy,2024-06-07 14:29:46,183.723,335948Ki
oai-udm10-79cb747b85-8js4g,proxy,2024-06-07 14:29:46,166.828,599692Ki
oai-ausf10-595d745bf6-rtdwl,proxy,2024-06-07 14:29:46,346.465,350132Ki
oai-amf10-54d4698cb4-69vcc,proxy,2024-06-07 14:29:46,92.381,649444Ki
oai-smf10-6fcdbd788d-ffxs7,proxy,2024-06-07 14:29:46,278.067,358088Ki
oai-udr10-55dfb7cb7d-n6xhf,proxy,2024-06-07 14:29:49,183.723,335948Ki
oai-udm10-79cb747b85-8js4g,proxy,2024-06-07 14:29:49,166.828,599692Ki
oai-ausf10-595d745bf6-rtdwl,proxy,2024-06-07 14:29:49,346.465,350132Ki
oai-amf10-54d4698cb4-69vcc,proxy,2024-06-07 14:29:49,92.381,649444Ki
oai-smf10-6fcdbd788d-ffxs7,proxy,2024-06-07 14:29:49,278.067,358088Ki
oai-udr10-55dfb7cb7d-n6xhf,proxy,2024-06-07 14:29:51,183.723,335948Ki
oai-udm10-79cb747b85-8js4g,proxy,2024-06-07 14:29:52,166.828,599692Ki
oai-ausf10-595d745bf6-rtdwl,proxy,2024-06-07 14:29:52,346.465,350132Ki
oai-amf10-54d4698cb4-69vcc,proxy,2024-06-07 14:29:52,92.381,649444Ki
oai-smf10-6fcdbd788d-ffxs7,proxy,2024-06-07 14:29:52,278.067,358088Ki
oai-udr10-55dfb7cb7d-n6xhf,proxy,2024-06-07 14:29:54,183.723,335948Ki
oai-udm10-79cb747b85-8js4g,proxy,2024-06-07 14:29:54,166.828,599692Ki
oai-ausf10-595d745bf6-rtdwl,proxy,2024-06-07 14:29:55,346.465,350132Ki
oai-amf10-54d4698cb4-69vcc,proxy,2024-06-07 14:29:55,92.381,649444Ki
oai-smf10-6fcdbd788d-ffxs7,proxy,2024-06-07 14:29:55,232.271,358576Ki
oai-udr10-55dfb7cb7d-n6xhf,proxy,2024-06-07 14:29:57,367.886,355708Ki
oai-udm10-79cb747b85-8js4g,proxy,2024-06-07 14:29:57,404.680,618492Ki
oai-ausf10-595d745bf6-rtdwl,proxy,2024-06-07 14:29:57,137.818,351488Ki
oai-amf10-54d4698cb4-69vcc,proxy,2024-06-07 14:29:58,106.059,651488Ki
oai-smf10-6fcdbd788d-ffxs7,proxy,2024-06-07 14:29:58,232.271,358576Ki
oai-udr10-55dfb7cb7d-n6xhf,proxy,2024-06-07 14:30:00,367.886,355708Ki
oai-udm10-79cb747b85-8js4g,proxy,2024-06-07 14:30:00,404.680,618492Ki
oai-ausf10-595d745bf6-rtdwl,proxy,2024-06-07 14:30:00,137.818,351488Ki
oai-amf10-54d4698cb4-69vcc,proxy,2024-06-07 14:30:00,106.059,651488Ki
oai-smf10-6fcdbd788d-ffxs7,proxy,2024-06-07 14:30:01,232.271,358576Ki
oai-udr10-55dfb7cb7d-n6xhf,proxy,2024-06-07 14:30:03,367.886,355708Ki
oai-udm10-79cb747b85-8js4g,proxy,2024-06-07 14:30:03,404.680,618492Ki
oai-ausf10-595d745bf6-rtdwl,proxy,2024-06-07 14:30:03,137.818,351488Ki
oai-amf10-54d4698cb4-69vcc,proxy,2024-06-07 14:30:03,106.059,651488Ki
oai-smf10-6fcdbd788d-ffxs7,proxy,2024-06-07 14:30:03,232.271,358576Ki
oai-udr10-55dfb7cb7d-n6xhf,proxy,2024-06-07 14:30:06,367.886,355708Ki
oai-udm10-79cb747b85-8js4g,proxy,2024-06-07 14:30:06,404.680,618492Ki
oai-ausf10-595d745bf6-rtdwl,proxy,2024-06-07 14:30:06,137.818,351488Ki
oai-amf10-54d4698cb4-69vcc,proxy,2024-06-07 14:30:06,106.059,651488Ki
oai-smf10-6fcdbd788d-ffxs7,proxy,2024-06-07 14:30:06,232.271,358576Ki
oai-udr10-55dfb7cb7d-n6xhf,proxy,2024-06-07 14:30:08,367.886,355708Ki
oai-udm10-79cb747b85-8js4g,proxy,2024-06-07 14:30:09,404.680,618492Ki
oai-ausf10-595d745bf6-rtdwl,proxy,2024-06-07 14:30:09,137.818,351488Ki
oai-amf10-54d4698cb4-69vcc,proxy,2024-06-07 14:30:09,106.059,651488Ki
oai-smf10-6fcdbd788d-ffxs7,proxy,2024-06-07 14:30:09,232.271,358576Ki
oai-udr10-55dfb7cb7d-n6xhf,proxy,2024-06-07 14:30:11,110.017,355920Ki
oai-udm10-79cb747b85-8js4g,proxy,2024-06-07 14:30:11,133.959,619364Ki
oai-ausf10-595d745bf6-rtdwl,proxy,2024-06-07 14:30:12,133.890,352932Ki
oai-amf10-54d4698cb4-69vcc,proxy,2024-06-07 14:30:12,99.659,652520Ki
oai-smf10-6fcdbd788d-ffxs7,proxy,2024-06-07 14:30:12,203.462,358808Ki
oai-udr10-55dfb7cb7d-n6xhf,proxy,2024-06-07 14:30:14,110.017,355920Ki
oai-udm10-79cb747b85-8js4g,proxy,2024-06-07 14:30:14,133.959,619364Ki
oai-ausf10-595d745bf6-rtdwl,proxy,2024-06-07 14:30:14,133.890,352932Ki
oai-amf10-54d4698cb4-69vcc,proxy,2024-06-07 14:30:15,99.659,652520Ki
oai-smf10-6fcdbd788d-ffxs7,proxy,2024-06-07 14:30:15,203.462,358808Ki
oai-udr10-55dfb7cb7d-n6xhf,proxy,2024-06-07 14:30:17,110.017,355920Ki
oai-udm10-79cb747b85-8js4g,proxy,2024-06-07 14:30:17,133.959,619364Ki
oai-ausf10-595d745bf6-rtdwl,proxy,2024-06-07 14:30:17,133.890,352932Ki
oai-amf10-54d4698cb4-69vcc,proxy,2024-06-07 14:30:17,99.659,652520Ki
oai-smf10-6fcdbd788d-ffxs7,proxy,2024-06-07 14:30:18,203.462,358808Ki
oai-udr10-55dfb7cb7d-n6xhf,proxy,2024-06-07 14:30:20,110.017,355920Ki
oai-udm10-79cb747b85-8js4g,proxy,2024-06-07 14:30:20,133.959,619364Ki
oai-ausf10-595d745bf6-rtdwl,proxy,2024-06-07 14:30:20,133.890,352932Ki
oai-amf10-54d4698cb4-69vcc,proxy,2024-06-07 14:30:20,99.659,652520Ki
oai-smf10-6fcdbd788d-ffxs7,proxy,2024-06-07 14:30:21,203.462,358808Ki
oai-udr10-55dfb7cb7d-n6xhf,proxy,2024-06-07 14:30:23,110.017,355920Ki
oai-udm10-79cb747b85-8js4g,proxy,2024-06-07 14:30:23,133.959,619364Ki
oai-ausf10-595d745bf6-rtdwl,proxy,2024-06-07 14:30:23,133.890,352932Ki
oai-amf10-54d4698cb4-69vcc,proxy,2024-06-07 14:30:23,99.659,652520Ki
oai-smf10-6fcdbd788d-ffxs7,proxy,2024-06-07 14:30:24,203.462,358808Ki
oai-udr10-55dfb7cb7d-n6xhf,proxy,2024-06-07 14:30:26,107.505,356228Ki
oai-udm10-79cb747b85-8js4g,proxy,2024-06-07 14:30:26,128.941,620100Ki
oai-ausf10-595d745bf6-rtdwl,proxy,2024-06-07 14:30:26,138.134,354760Ki
oai-amf10-54d4698cb4-69vcc,proxy,2024-06-07 14:30:26,107.960,689544Ki
oai-smf10-6fcdbd788d-ffxs7,proxy,2024-06-07 14:30:26,217.992,365772Ki
oai-udr10-55dfb7cb7d-n6xhf,proxy,2024-06-07 14:30:29,107.505,356228Ki
oai-udm10-79cb747b85-8js4g,proxy,2024-06-07 14:30:29,128.941,620100Ki
oai-ausf10-595d745bf6-rtdwl,proxy,2024-06-07 14:30:29,138.134,354760Ki
oai-amf10-54d4698cb4-69vcc,proxy,2024-06-07 14:30:29,107.960,689544Ki
oai-smf10-6fcdbd788d-ffxs7,proxy,2024-06-07 14:30:29,217.992,365772Ki
oai-udr10-55dfb7cb7d-n6xhf,proxy,2024-06-07 14:30:32,107.505,356228Ki
oai-udm10-79cb747b85-8js4g,proxy,2024-06-07 14:30:32,128.941,620100Ki
oai-ausf10-595d745bf6-rtdwl,proxy,2024-06-07 14:30:32,138.134,354760Ki
oai-amf10-54d4698cb4-69vcc,proxy,2024-06-07 14:30:32,107.960,689544Ki
oai-smf10-6fcdbd788d-ffxs7,proxy,2024-06-07 14:30:32,217.992,365772Ki
oai-udr10-55dfb7cb7d-n6xhf,proxy,2024-06-07 14:30:34,107.505,356228Ki
oai-udm10-79cb747b85-8js4g,proxy,2024-06-07 14:30:35,128.941,620100Ki
oai-ausf10-595d745bf6-rtdwl,proxy,2024-06-07 14:30:35,138.134,354760Ki
oai-amf10-54d4698cb4-69vcc,proxy,2024-06-07 14:30:35,107.960,689544Ki
oai-smf10-6fcdbd788d-ffxs7,proxy,2024-06-07 14:30:35,217.992,365772Ki
oai-udr10-55dfb7cb7d-n6xhf,proxy,2024-06-07 14:30:37,107.505,356228Ki
oai-udm10-79cb747b85-8js4g,proxy,2024-06-07 14:30:37,128.941,620100Ki
oai-ausf10-595d745bf6-rtdwl,proxy,2024-06-07 14:30:38,138.134,354760Ki
oai-amf10-54d4698cb4-69vcc,proxy,2024-06-07 14:30:38,107.960,689544Ki
oai-smf10-6fcdbd788d-ffxs7,proxy,2024-06-07 14:30:38,217.992,365772Ki
oai-udr10-55dfb7cb7d-n6xhf,proxy,2024-06-07 14:30:40,72.518,356464Ki
oai-udm10-79cb747b85-8js4g,proxy,2024-06-07 14:30:40,116.910,620896Ki
oai-ausf10-595d745bf6-rtdwl,proxy,2024-06-07 14:30:40,138.134,354760Ki
oai-amf10-54d4698cb4-69vcc,proxy,2024-06-07 14:30:41,89.249,723072Ki
oai-smf10-6fcdbd788d-ffxs7,proxy,2024-06-07 14:30:41,184.255,384400Ki
oai-udr10-55dfb7cb7d-n6xhf,proxy,2024-06-07 14:30:43,72.518,356464Ki
oai-udm10-79cb747b85-8js4g,proxy,2024-06-07 14:30:43,116.910,620896Ki
oai-ausf10-595d745bf6-rtdwl,proxy,2024-06-07 14:30:43,138.134,354760Ki
oai-amf10-54d4698cb4-69vcc,proxy,2024-06-07 14:30:43,89.249,723072Ki
oai-smf10-6fcdbd788d-ffxs7,proxy,2024-06-07 14:30:44,184.255,384400Ki
oai-udr10-55dfb7cb7d-n6xhf,proxy,2024-06-07 14:30:46,72.518,356464Ki
oai-udm10-79cb747b85-8js4g,proxy,2024-06-07 14:30:46,116.910,620896Ki
oai-ausf10-595d745bf6-rtdwl,proxy,2024-06-07 14:30:46,138.134,354760Ki
oai-amf10-54d4698cb4-69vcc,proxy,2024-06-07 14:30:46,89.249,723072Ki
oai-smf10-6fcdbd788d-ffxs7,proxy,2024-06-07 14:30:46,184.255,384400Ki
oai-udr10-55dfb7cb7d-n6xhf,proxy,2024-06-07 14:30:49,72.518,356464Ki
oai-udm10-79cb747b85-8js4g,proxy,2024-06-07 14:30:49,116.910,620896Ki
oai-ausf10-595d745bf6-rtdwl,proxy,2024-06-07 14:30:49,138.134,354760Ki
oai-amf10-54d4698cb4-69vcc,proxy,2024-06-07 14:30:49,89.249,723072Ki
oai-smf10-6fcdbd788d-ffxs7,proxy,2024-06-07 14:30:49,184.255,384400Ki
oai-udr10-55dfb7cb7d-n6xhf,proxy,2024-06-07 14:30:51,72.518,356464Ki
oai-udm10-79cb747b85-8js4g,proxy,2024-06-07 14:30:52,116.910,620896Ki
oai-ausf10-595d745bf6-rtdwl,proxy,2024-06-07 14:30:52,138.134,354760Ki
oai-amf10-54d4698cb4-69vcc,proxy,2024-06-07 14:30:52,89.249,723072Ki
oai-smf10-6fcdbd788d-ffxs7,proxy,2024-06-07 14:30:52,184.255,384400Ki
oai-udr10-55dfb7cb7d-n6xhf,proxy,2024-06-07 14:30:54,72.518,356464Ki
oai-udm10-79cb747b85-8js4g,proxy,2024-06-07 14:30:54,116.910,620896Ki
oai-ausf10-595d745bf6-rtdwl,proxy,2024-06-07 14:30:55,138.134,354760Ki
oai-amf10-54d4698cb4-69vcc,proxy,2024-06-07 14:30:55,126.426,741760Ki
oai-smf10-6fcdbd788d-ffxs7,proxy,2024-06-07 14:30:55,285.465,403480Ki
oai-udr10-55dfb7cb7d-n6xhf,proxy,2024-06-07 14:30:57,72.518,356464Ki
oai-udm10-79cb747b85-8js4g,proxy,2024-06-07 14:30:57,74.409,621928Ki
oai-ausf10-595d745bf6-rtdwl,proxy,2024-06-07 14:30:57,84.247,374392Ki
oai-amf10-54d4698cb4-69vcc,proxy,2024-06-07 14:30:58,126.426,741760Ki
oai-smf10-6fcdbd788d-ffxs7,proxy,2024-06-07 14:30:58,285.465,403480Ki
oai-udr10-55dfb7cb7d-n6xhf,proxy,2024-06-07 14:31:00,72.518,356464Ki
oai-udm10-79cb747b85-8js4g,proxy,2024-06-07 14:31:00,74.409,621928Ki
oai-ausf10-595d745bf6-rtdwl,proxy,2024-06-07 14:31:00,84.247,374392Ki
oai-amf10-54d4698cb4-69vcc,proxy,2024-06-07 14:31:00,126.426,741760Ki
oai-smf10-6fcdbd788d-ffxs7,proxy,2024-06-07 14:31:01,285.465,403480Ki
oai-udr10-55dfb7cb7d-n6xhf,proxy,2024-06-07 14:31:03,72.518,356464Ki
oai-udm10-79cb747b85-8js4g,proxy,2024-06-07 14:31:03,74.409,621928Ki
oai-ausf10-595d745bf6-rtdwl,proxy,2024-06-07 14:31:03,84.247,374392Ki
oai-amf10-54d4698cb4-69vcc,proxy,2024-06-07 14:31:03,126.426,741760Ki
oai-smf10-6fcdbd788d-ffxs7,proxy,2024-06-07 14:31:04,285.465,403480Ki
oai-udr10-55dfb7cb7d-n6xhf,proxy,2024-06-07 14:31:06,72.518,356464Ki
oai-udm10-79cb747b85-8js4g,proxy,2024-06-07 14:31:06,74.409,621928Ki
oai-ausf10-595d745bf6-rtdwl,proxy,2024-06-07 14:31:06,84.247,374392Ki
oai-amf10-54d4698cb4-69vcc,proxy,2024-06-07 14:31:06,126.426,741760Ki
oai-smf10-6fcdbd788d-ffxs7,proxy,2024-06-07 14:31:06,285.465,403480Ki
oai-udr10-55dfb7cb7d-n6xhf,proxy,2024-06-07 14:31:09,72.518,356464Ki
oai-udm10-79cb747b85-8js4g,proxy,2024-06-07 14:31:09,74.409,621928Ki
oai-ausf10-595d745bf6-rtdwl,proxy,2024-06-07 14:31:09,84.247,374392Ki
oai-amf10-54d4698cb4-69vcc,proxy,2024-06-07 14:31:09,126.426,741760Ki
oai-smf10-6fcdbd788d-ffxs7,proxy,2024-06-07 14:31:09,285.465,403480Ki
oai-udr10-55dfb7cb7d-n6xhf,proxy,2024-06-07 14:31:11,68.187,357024Ki
oai-udm10-79cb747b85-8js4g,proxy,2024-06-07 14:31:11,96.632,623024Ki
oai-ausf10-595d745bf6-rtdwl,proxy,2024-06-07 14:31:12,76.852,385692Ki
oai-amf10-54d4698cb4-69vcc,proxy,2024-06-07 14:31:12,126.426,741760Ki
oai-smf10-6fcdbd788d-ffxs7,proxy,2024-06-07 14:31:12,157.073,403824Ki
oai-udr10-55dfb7cb7d-n6xhf,proxy,2024-06-07 14:31:14,68.187,357024Ki
oai-udm10-79cb747b85-8js4g,proxy,2024-06-07 14:31:14,96.632,623024Ki
oai-ausf10-595d745bf6-rtdwl,proxy,2024-06-07 14:31:14,76.852,385692Ki
oai-amf10-54d4698cb4-69vcc,proxy,2024-06-07 14:31:15,126.426,741760Ki
oai-smf10-6fcdbd788d-ffxs7,proxy,2024-06-07 14:31:15,157.073,403824Ki
oai-udr10-55dfb7cb7d-n6xhf,proxy,2024-06-07 14:31:17,68.187,357024Ki
oai-udm10-79cb747b85-8js4g,proxy,2024-06-07 14:31:17,96.632,623024Ki
oai-ausf10-595d745bf6-rtdwl,proxy,2024-06-07 14:31:17,76.852,385692Ki
oai-amf10-54d4698cb4-69vcc,proxy,2024-06-07 14:31:17,126.426,741760Ki
oai-smf10-6fcdbd788d-ffxs7,proxy,2024-06-07 14:31:18,157.073,403824Ki
oai-udr10-55dfb7cb7d-n6xhf,proxy,2024-06-07 14:31:20,68.187,357024Ki
oai-udm10-79cb747b85-8js4g,proxy,2024-06-07 14:31:20,96.632,623024Ki
oai-ausf10-595d745bf6-rtdwl,proxy,2024-06-07 14:31:20,76.852,385692Ki
oai-amf10-54d4698cb4-69vcc,proxy,2024-06-07 14:31:20,126.426,741760Ki
oai-smf10-6fcdbd788d-ffxs7,proxy,2024-06-07 14:31:20,157.073,403824Ki
oai-udr10-55dfb7cb7d-n6xhf,proxy,2024-06-07 14:31:23,68.187,357024Ki
oai-udm10-79cb747b85-8js4g,proxy,2024-06-07 14:31:23,96.632,623024Ki
oai-ausf10-595d745bf6-rtdwl,proxy,2024-06-07 14:31:23,76.852,385692Ki
oai-amf10-54d4698cb4-69vcc,proxy,2024-06-07 14:31:23,126.426,741760Ki
oai-smf10-6fcdbd788d-ffxs7,proxy,2024-06-07 14:31:23,157.073,403824Ki
oai-udr10-55dfb7cb7d-n6xhf,proxy,2024-06-07 14:31:25,114.813,357460Ki
oai-udm10-79cb747b85-8js4g,proxy,2024-06-07 14:31:26,148.426,624704Ki
oai-ausf10-595d745bf6-rtdwl,proxy,2024-06-07 14:31:26,76.852,385692Ki
oai-amf10-54d4698cb4-69vcc,proxy,2024-06-07 14:31:26,91.654,744864Ki
oai-smf10-6fcdbd788d-ffxs7,proxy,2024-06-07 14:31:26,249.486,404188Ki
oai-udr10-55dfb7cb7d-n6xhf,proxy,2024-06-07 14:31:28,114.813,357460Ki
oai-udm10-79cb747b85-8js4g,proxy,2024-06-07 14:31:28,148.426,624704Ki
oai-ausf10-595d745bf6-rtdwl,proxy,2024-06-07 14:31:28,76.852,385692Ki
oai-amf10-54d4698cb4-69vcc,proxy,2024-06-07 14:31:29,91.654,744864Ki
oai-smf10-6fcdbd788d-ffxs7,proxy,2024-06-07 14:31:29,249.486,404188Ki
oai-udr10-55dfb7cb7d-n6xhf,proxy,2024-06-07 14:31:31,114.813,357460Ki
oai-udm10-79cb747b85-8js4g,proxy,2024-06-07 14:31:31,148.426,624704Ki
oai-ausf10-595d745bf6-rtdwl,proxy,2024-06-07 14:31:31,76.852,385692Ki
oai-amf10-54d4698cb4-69vcc,proxy,2024-06-07 14:31:31,91.654,744864Ki
oai-smf10-6fcdbd788d-ffxs7,proxy,2024-06-07 14:31:32,249.486,404188Ki
oai-udr10-55dfb7cb7d-n6xhf,proxy,2024-06-07 14:31:34,114.813,357460Ki
oai-udm10-79cb747b85-8js4g,proxy,2024-06-07 14:31:34,148.426,624704Ki
oai-ausf10-595d745bf6-rtdwl,proxy,2024-06-07 14:31:34,76.852,385692Ki
oai-amf10-54d4698cb4-69vcc,proxy,2024-06-07 14:31:34,91.654,744864Ki
oai-smf10-6fcdbd788d-ffxs7,proxy,2024-06-07 14:31:35,249.486,404188Ki
oai-udr10-55dfb7cb7d-n6xhf,proxy,2024-06-07 14:31:37,114.813,357460Ki
oai-udm10-79cb747b85-8js4g,proxy,2024-06-07 14:31:37,148.426,624704Ki
oai-ausf10-595d745bf6-rtdwl,proxy,2024-06-07 14:31:37,76.852,385692Ki
oai-amf10-54d4698cb4-69vcc,proxy,2024-06-07 14:31:37,91.654,744864Ki
oai-smf10-6fcdbd788d-ffxs7,proxy,2024-06-07 14:31:37,249.486,404188Ki
oai-udr10-55dfb7cb7d-n6xhf,proxy,2024-06-07 14:31:40,114.813,357460Ki
oai-udm10-79cb747b85-8js4g,proxy,2024-06-07 14:31:40,148.426,624704Ki
oai-ausf10-595d745bf6-rtdwl,proxy,2024-06-07 14:31:40,261.956,404500Ki
oai-amf10-54d4698cb4-69vcc,proxy,2024-06-07 14:31:40,91.654,744864Ki
oai-smf10-6fcdbd788d-ffxs7,proxy,2024-06-07 14:31:40,219.692,404468Ki
oai-udr10-55dfb7cb7d-n6xhf,proxy,2024-06-07 14:31:43,106.202,361604Ki
oai-udm10-79cb747b85-8js4g,proxy,2024-06-07 14:31:43,207.055,632048Ki
oai-ausf10-595d745bf6-rtdwl,proxy,2024-06-07 14:31:43,261.956,404500Ki
oai-amf10-54d4698cb4-69vcc,proxy,2024-06-07 14:31:43,91.654,744864Ki
oai-smf10-6fcdbd788d-ffxs7,proxy,2024-06-07 14:31:43,219.692,404468Ki
oai-udr10-55dfb7cb7d-n6xhf,proxy,2024-06-07 14:31:45,106.202,361604Ki
oai-udm10-79cb747b85-8js4g,proxy,2024-06-07 14:31:46,207.055,632048Ki
oai-ausf10-595d745bf6-rtdwl,proxy,2024-06-07 14:31:46,261.956,404500Ki
oai-amf10-54d4698cb4-69vcc,proxy,2024-06-07 14:31:46,91.654,744864Ki
oai-smf10-6fcdbd788d-ffxs7,proxy,2024-06-07 14:31:46,219.692,404468Ki
oai-udr10-55dfb7cb7d-n6xhf,proxy,2024-06-07 14:31:48,106.202,361604Ki
oai-udm10-79cb747b85-8js4g,proxy,2024-06-07 14:31:48,207.055,632048Ki
oai-ausf10-595d745bf6-rtdwl,proxy,2024-06-07 14:31:49,261.956,404500Ki
oai-amf10-54d4698cb4-69vcc,proxy,2024-06-07 14:31:49,91.654,744864Ki
oai-smf10-6fcdbd788d-ffxs7,proxy,2024-06-07 14:31:49,219.692,404468Ki
oai-udr10-55dfb7cb7d-n6xhf,proxy,2024-06-07 14:31:51,106.202,361604Ki
oai-udm10-79cb747b85-8js4g,proxy,2024-06-07 14:31:51,207.055,632048Ki
oai-ausf10-595d745bf6-rtdwl,proxy,2024-06-07 14:31:51,261.956,404500Ki
oai-amf10-54d4698cb4-69vcc,proxy,2024-06-07 14:31:51,91.654,744864Ki
oai-smf10-6fcdbd788d-ffxs7,proxy,2024-06-07 14:31:52,219.692,404468Ki
oai-udr10-55dfb7cb7d-n6xhf,proxy,2024-06-07 14:31:54,106.202,361604Ki
oai-udm10-79cb747b85-8js4g,proxy,2024-06-07 14:31:54,207.055,632048Ki
oai-ausf10-595d745bf6-rtdwl,proxy,2024-06-07 14:31:54,261.956,404500Ki
oai-amf10-54d4698cb4-69vcc,proxy,2024-06-07 14:31:54,91.654,744864Ki
oai-smf10-6fcdbd788d-ffxs7,proxy,2024-06-07 14:31:54,219.692,404468Ki
oai-udr10-55dfb7cb7d-n6xhf,proxy,2024-06-07 14:31:57,106.202,361604Ki
oai-udm10-79cb747b85-8js4g,proxy,2024-06-07 14:31:57,115.668,632816Ki
oai-ausf10-595d745bf6-rtdwl,proxy,2024-06-07 14:31:57,128.424,405260Ki
oai-amf10-54d4698cb4-69vcc,proxy,2024-06-07 14:31:57,107.226,746720Ki
oai-smf10-6fcdbd788d-ffxs7,proxy,2024-06-07 14:31:57,187.495,404788Ki
oai-udr10-55dfb7cb7d-n6xhf,proxy,2024-06-07 14:32:00,106.202,361604Ki
oai-udm10-79cb747b85-8js4g,proxy,2024-06-07 14:32:00,115.668,632816Ki
oai-ausf10-595d745bf6-rtdwl,proxy,2024-06-07 14:32:00,128.424,405260Ki
oai-amf10-54d4698cb4-69vcc,proxy,2024-06-07 14:32:00,107.226,746720Ki
oai-smf10-6fcdbd788d-ffxs7,proxy,2024-06-07 14:32:00,187.495,404788Ki
oai-udr10-55dfb7cb7d-n6xhf,proxy,2024-06-07 14:32:02,106.202,361604Ki
oai-udm10-79cb747b85-8js4g,proxy,2024-06-07 14:32:03,115.668,632816Ki
oai-ausf10-595d745bf6-rtdwl,proxy,2024-06-07 14:32:03,128.424,405260Ki
oai-amf10-54d4698cb4-69vcc,proxy,2024-06-07 14:32:03,107.226,746720Ki
oai-smf10-6fcdbd788d-ffxs7,proxy,2024-06-07 14:32:03,187.495,404788Ki
oai-udr10-55dfb7cb7d-n6xhf,proxy,2024-06-07 14:32:05,106.202,361604Ki
oai-udm10-79cb747b85-8js4g,proxy,2024-06-07 14:32:05,115.668,632816Ki
oai-ausf10-595d745bf6-rtdwl,proxy,2024-06-07 14:32:06,128.424,405260Ki
oai-amf10-54d4698cb4-69vcc,proxy,2024-06-07 14:32:06,107.226,746720Ki
oai-smf10-6fcdbd788d-ffxs7,proxy,2024-06-07 14:32:06,187.495,404788Ki
oai-udr10-55dfb7cb7d-n6xhf,proxy,2024-06-07 14:32:08,106.202,361604Ki
oai-udm10-79cb747b85-8js4g,proxy,2024-06-07 14:32:08,115.668,632816Ki
oai-ausf10-595d745bf6-rtdwl,proxy,2024-06-07 14:32:09,128.424,405260Ki
oai-amf10-54d4698cb4-69vcc,proxy,2024-06-07 14:32:09,107.226,746720Ki
oai-smf10-6fcdbd788d-ffxs7,proxy,2024-06-07 14:32:09,187.495,404788Ki
oai-udr10-55dfb7cb7d-n6xhf,proxy,2024-06-07 14:32:11,118.718,363984Ki
oai-udm10-79cb747b85-8js4g,proxy,2024-06-07 14:32:11,117.910,633372Ki
oai-ausf10-595d745bf6-rtdwl,proxy,2024-06-07 14:32:11,125.641,406512Ki
oai-amf10-54d4698cb4-69vcc,proxy,2024-06-07 14:32:12,103.587,748400Ki
oai-smf10-6fcdbd788d-ffxs7,proxy,2024-06-07 14:32:12,218.006,406084Ki
oai-udr10-55dfb7cb7d-n6xhf,proxy,2024-06-07 14:32:14,118.718,363984Ki
oai-udm10-79cb747b85-8js4g,proxy,2024-06-07 14:32:14,117.910,633372Ki
oai-ausf10-595d745bf6-rtdwl,proxy,2024-06-07 14:32:14,125.641,406512Ki
oai-amf10-54d4698cb4-69vcc,proxy,2024-06-07 14:32:15,103.587,748400Ki
oai-smf10-6fcdbd788d-ffxs7,proxy,2024-06-07 14:32:15,218.006,406084Ki
oai-udr10-55dfb7cb7d-n6xhf,proxy,2024-06-07 14:32:17,118.718,363984Ki
oai-udm10-79cb747b85-8js4g,proxy,2024-06-07 14:32:17,117.910,633372Ki
oai-ausf10-595d745bf6-rtdwl,proxy,2024-06-07 14:32:17,125.641,406512Ki
oai-amf10-54d4698cb4-69vcc,proxy,2024-06-07 14:32:17,103.587,748400Ki
oai-smf10-6fcdbd788d-ffxs7,proxy,2024-06-07 14:32:18,218.006,406084Ki
oai-udr10-55dfb7cb7d-n6xhf,proxy,2024-06-07 14:32:20,118.718,363984Ki
oai-udm10-79cb747b85-8js4g,proxy,2024-06-07 14:32:20,117.910,633372Ki
oai-ausf10-595d745bf6-rtdwl,proxy,2024-06-07 14:32:20,125.641,406512Ki
oai-amf10-54d4698cb4-69vcc,proxy,2024-06-07 14:32:20,103.587,748400Ki
oai-smf10-6fcdbd788d-ffxs7,proxy,2024-06-07 14:32:20,218.006,406084Ki
oai-udr10-55dfb7cb7d-n6xhf,proxy,2024-06-07 14:32:23,118.718,363984Ki
oai-udm10-79cb747b85-8js4g,proxy,2024-06-07 14:32:23,117.910,633372Ki
oai-ausf10-595d745bf6-rtdwl,proxy,2024-06-07 14:32:23,125.641,406512Ki
oai-amf10-54d4698cb4-69vcc,proxy,2024-06-07 14:32:23,103.587,748400Ki
oai-smf10-6fcdbd788d-ffxs7,proxy,2024-06-07 14:32:23,218.006,406084Ki
oai-udr10-55dfb7cb7d-n6xhf,proxy,2024-06-07 14:32:26,118.718,363984Ki
oai-udm10-79cb747b85-8js4g,proxy,2024-06-07 14:32:26,90.790,634008Ki
oai-ausf10-595d745bf6-rtdwl,proxy,2024-06-07 14:32:26,102.880,407584Ki
oai-amf10-54d4698cb4-69vcc,proxy,2024-06-07 14:32:26,84.057,750652Ki
oai-smf10-6fcdbd788d-ffxs7,proxy,2024-06-07 14:32:26,179.480,419500Ki
oai-udr10-55dfb7cb7d-n6xhf,proxy,2024-06-07 14:32:29,118.718,363984Ki
oai-udm10-79cb747b85-8js4g,proxy,2024-06-07 14:32:29,90.790,634008Ki
oai-ausf10-595d745bf6-rtdwl,proxy,2024-06-07 14:32:29,102.880,407584Ki
oai-amf10-54d4698cb4-69vcc,proxy,2024-06-07 14:32:29,84.057,750652Ki
oai-smf10-6fcdbd788d-ffxs7,proxy,2024-06-07 14:32:29,179.480,419500Ki
oai-udr10-55dfb7cb7d-n6xhf,proxy,2024-06-07 14:32:31,118.718,363984Ki
oai-udm10-79cb747b85-8js4g,proxy,2024-06-07 14:32:32,90.790,634008Ki
oai-ausf10-595d745bf6-rtdwl,proxy,2024-06-07 14:32:32,102.880,407584Ki
oai-amf10-54d4698cb4-69vcc,proxy,2024-06-07 14:32:32,84.057,750652Ki
oai-smf10-6fcdbd788d-ffxs7,proxy,2024-06-07 14:32:32,179.480,419500Ki
oai-udr10-55dfb7cb7d-n6xhf,proxy,2024-06-07 14:32:34,118.718,363984Ki
oai-udm10-79cb747b85-8js4g,proxy,2024-06-07 14:32:35,90.790,634008Ki
oai-ausf10-595d745bf6-rtdwl,proxy,2024-06-07 14:32:35,102.880,407584Ki
oai-amf10-54d4698cb4-69vcc,proxy,2024-06-07 14:32:35,84.057,750652Ki
oai-smf10-6fcdbd788d-ffxs7,proxy,2024-06-07 14:32:35,179.480,419500Ki
oai-udr10-55dfb7cb7d-n6xhf,proxy,2024-06-07 14:32:37,118.718,363984Ki
oai-udm10-79cb747b85-8js4g,proxy,2024-06-07 14:32:37,90.790,634008Ki
oai-ausf10-595d745bf6-rtdwl,proxy,2024-06-07 14:32:38,102.880,407584Ki
oai-amf10-54d4698cb4-69vcc,proxy,2024-06-07 14:32:38,84.057,750652Ki
oai-smf10-6fcdbd788d-ffxs7,proxy,2024-06-07 14:32:38,179.480,419500Ki
oai-udr10-55dfb7cb7d-n6xhf,proxy,2024-06-07 14:32:40,81.753,364268Ki
oai-udm10-79cb747b85-8js4g,proxy,2024-06-07 14:32:40,103.412,634380Ki
oai-ausf10-595d745bf6-rtdwl,proxy,2024-06-07 14:32:41,100.528,415436Ki
oai-amf10-54d4698cb4-69vcc,proxy,2024-06-07 14:32:41,82.181,782884Ki
oai-smf10-6fcdbd788d-ffxs7,proxy,2024-06-07 14:32:41,161.641,436564Ki
oai-udr10-55dfb7cb7d-n6xhf,proxy,2024-06-07 14:32:43,81.753,364268Ki
oai-udm10-79cb747b85-8js4g,proxy,2024-06-07 14:32:43,103.412,634380Ki
oai-ausf10-595d745bf6-rtdwl,proxy,2024-06-07 14:32:43,100.528,415436Ki
oai-amf10-54d4698cb4-69vcc,proxy,2024-06-07 14:32:44,82.181,782884Ki
oai-smf10-6fcdbd788d-ffxs7,proxy,2024-06-07 14:32:44,161.641,436564Ki
oai-udr10-55dfb7cb7d-n6xhf,proxy,2024-06-07 14:32:46,81.753,364268Ki
oai-udm10-79cb747b85-8js4g,proxy,2024-06-07 14:32:46,103.412,634380Ki
oai-ausf10-595d745bf6-rtdwl,proxy,2024-06-07 14:32:46,100.528,415436Ki
oai-amf10-54d4698cb4-69vcc,proxy,2024-06-07 14:32:46,82.181,782884Ki
oai-smf10-6fcdbd788d-ffxs7,proxy,2024-06-07 14:32:47,161.641,436564Ki
oai-udr10-55dfb7cb7d-n6xhf,proxy,2024-06-07 14:32:49,81.753,364268Ki
oai-udm10-79cb747b85-8js4g,proxy,2024-06-07 14:32:49,103.412,634380Ki
oai-ausf10-595d745bf6-rtdwl,proxy,2024-06-07 14:32:49,100.528,415436Ki
oai-amf10-54d4698cb4-69vcc,proxy,2024-06-07 14:32:49,82.181,782884Ki
oai-smf10-6fcdbd788d-ffxs7,proxy,2024-06-07 14:32:49,161.641,436564Ki
oai-udr10-55dfb7cb7d-n6xhf,proxy,2024-06-07 14:32:52,81.753,364268Ki
oai-udm10-79cb747b85-8js4g,proxy,2024-06-07 14:32:52,103.412,634380Ki
oai-ausf10-595d745bf6-rtdwl,proxy,2024-06-07 14:32:52,100.528,415436Ki
oai-amf10-54d4698cb4-69vcc,proxy,2024-06-07 14:32:52,82.181,782884Ki
oai-smf10-6fcdbd788d-ffxs7,proxy,2024-06-07 14:32:52,161.641,436564Ki
oai-udr10-55dfb7cb7d-n6xhf,proxy,2024-06-07 14:32:54,81.753,364268Ki
oai-udm10-79cb747b85-8js4g,proxy,2024-06-07 14:32:55,103.412,634380Ki
oai-ausf10-595d745bf6-rtdwl,proxy,2024-06-07 14:32:55,100.528,415436Ki
oai-amf10-54d4698cb4-69vcc,proxy,2024-06-07 14:32:55,31.657,790888Ki
oai-smf10-6fcdbd788d-ffxs7,proxy,2024-06-07 14:32:55,151.877,448236Ki
oai-udr10-55dfb7cb7d-n6xhf,proxy,2024-06-07 14:32:57,81.753,364268Ki
oai-udm10-79cb747b85-8js4g,proxy,2024-06-07 14:32:57,68.686,635404Ki
oai-ausf10-595d745bf6-rtdwl,proxy,2024-06-07 14:32:58,48.931,422528Ki
oai-amf10-54d4698cb4-69vcc,proxy,2024-06-07 14:32:58,31.657,790888Ki
oai-smf10-6fcdbd788d-ffxs7,proxy,2024-06-07 14:32:58,151.877,448236Ki
oai-udr10-55dfb7cb7d-n6xhf,proxy,2024-06-07 14:33:00,81.753,364268Ki
oai-udm10-79cb747b85-8js4g,proxy,2024-06-07 14:33:00,68.686,635404Ki
oai-ausf10-595d745bf6-rtdwl,proxy,2024-06-07 14:33:01,48.931,422528Ki
oai-amf10-54d4698cb4-69vcc,proxy,2024-06-07 14:33:01,31.657,790888Ki
oai-smf10-6fcdbd788d-ffxs7,proxy,2024-06-07 14:33:01,151.877,448236Ki
oai-udr10-55dfb7cb7d-n6xhf,proxy,2024-06-07 14:33:03,81.753,364268Ki
oai-udm10-79cb747b85-8js4g,proxy,2024-06-07 14:33:03,68.686,635404Ki
oai-ausf10-595d745bf6-rtdwl,proxy,2024-06-07 14:33:03,48.931,422528Ki
oai-amf10-54d4698cb4-69vcc,proxy,2024-06-07 14:33:04,31.657,790888Ki
oai-smf10-6fcdbd788d-ffxs7,proxy,2024-06-07 14:33:04,151.877,448236Ki
oai-udr10-55dfb7cb7d-n6xhf,proxy,2024-06-07 14:33:06,81.753,364268Ki
oai-udm10-79cb747b85-8js4g,proxy,2024-06-07 14:33:06,68.686,635404Ki
oai-ausf10-595d745bf6-rtdwl,proxy,2024-06-07 14:33:06,48.931,422528Ki
oai-amf10-54d4698cb4-69vcc,proxy,2024-06-07 14:33:06,31.657,790888Ki
oai-smf10-6fcdbd788d-ffxs7,proxy,2024-06-07 14:33:07,151.877,448236Ki
oai-udr10-55dfb7cb7d-n6xhf,proxy,2024-06-07 14:33:09,81.753,364268Ki
oai-udm10-79cb747b85-8js4g,proxy,2024-06-07 14:33:09,68.686,635404Ki
oai-ausf10-595d745bf6-rtdwl,proxy,2024-06-07 14:33:09,48.931,422528Ki
oai-amf10-54d4698cb4-69vcc,proxy,2024-06-07 14:33:09,31.657,790888Ki
oai-smf10-6fcdbd788d-ffxs7,proxy,2024-06-07 14:33:10,151.877,448236Ki
oai-udr10-55dfb7cb7d-n6xhf,proxy,2024-06-07 14:33:12,121.517,364504Ki
oai-udm10-79cb747b85-8js4g,proxy,2024-06-07 14:33:12,136.746,636032Ki
oai-ausf10-595d745bf6-rtdwl,proxy,2024-06-07 14:33:12,48.931,422528Ki
oai-amf10-54d4698cb4-69vcc,proxy,2024-06-07 14:33:12,144.316,795552Ki
oai-smf10-6fcdbd788d-ffxs7,proxy,2024-06-07 14:33:12,203.752,448392Ki
oai-udr10-55dfb7cb7d-n6xhf,proxy,2024-06-07 14:33:15,121.517,364504Ki
oai-udm10-79cb747b85-8js4g,proxy,2024-06-07 14:33:15,136.746,636032Ki
oai-ausf10-595d745bf6-rtdwl,proxy,2024-06-07 14:33:15,48.931,422528Ki
oai-amf10-54d4698cb4-69vcc,proxy,2024-06-07 14:33:15,144.316,795552Ki
oai-smf10-6fcdbd788d-ffxs7,proxy,2024-06-07 14:33:15,203.752,448392Ki
oai-udr10-55dfb7cb7d-n6xhf,proxy,2024-06-07 14:33:17,121.517,364504Ki
oai-udm10-79cb747b85-8js4g,proxy,2024-06-07 14:33:18,136.746,636032Ki
oai-ausf10-595d745bf6-rtdwl,proxy,2024-06-07 14:33:18,48.931,422528Ki
oai-amf10-54d4698cb4-69vcc,proxy,2024-06-07 14:33:18,144.316,795552Ki
oai-smf10-6fcdbd788d-ffxs7,proxy,2024-06-07 14:33:18,203.752,448392Ki
oai-udr10-55dfb7cb7d-n6xhf,proxy,2024-06-07 14:33:20,121.517,364504Ki
oai-udm10-79cb747b85-8js4g,proxy,2024-06-07 14:33:21,136.746,636032Ki
oai-ausf10-595d745bf6-rtdwl,proxy,2024-06-07 14:33:21,48.931,422528Ki
oai-amf10-54d4698cb4-69vcc,proxy,2024-06-07 14:33:21,144.316,795552Ki
oai-smf10-6fcdbd788d-ffxs7,proxy,2024-06-07 14:33:21,203.752,448392Ki
oai-udr10-55dfb7cb7d-n6xhf,proxy,2024-06-07 14:33:23,121.517,364504Ki
oai-udm10-79cb747b85-8js4g,proxy,2024-06-07 14:33:23,136.746,636032Ki
oai-ausf10-595d745bf6-rtdwl,proxy,2024-06-07 14:33:24,48.931,422528Ki
oai-amf10-54d4698cb4-69vcc,proxy,2024-06-07 14:33:24,144.316,795552Ki
oai-smf10-6fcdbd788d-ffxs7,proxy,2024-06-07 14:33:24,203.752,448392Ki
oai-udr10-55dfb7cb7d-n6xhf,proxy,2024-06-07 14:33:26,177.777,368144Ki
oai-udm10-79cb747b85-8js4g,proxy,2024-06-07 14:33:26,133.485,643512Ki
oai-ausf10-595d745bf6-rtdwl,proxy,2024-06-07 14:33:26,122.618,446784Ki
oai-amf10-54d4698cb4-69vcc,proxy,2024-06-07 14:33:27,97.562,797140Ki
oai-smf10-6fcdbd788d-ffxs7,proxy,2024-06-07 14:33:27,191.511,448728Ki
oai-udr10-55dfb7cb7d-n6xhf,proxy,2024-06-07 14:33:29,177.777,368144Ki
oai-udm10-79cb747b85-8js4g,proxy,2024-06-07 14:33:29,133.485,643512Ki
oai-ausf10-595d745bf6-rtdwl,proxy,2024-06-07 14:33:29,122.618,446784Ki
oai-amf10-54d4698cb4-69vcc,proxy,2024-06-07 14:33:29,97.562,797140Ki
oai-smf10-6fcdbd788d-ffxs7,proxy,2024-06-07 14:33:30,191.511,448728Ki
oai-udr10-55dfb7cb7d-n6xhf,proxy,2024-06-07 14:33:32,177.777,368144Ki
oai-udm10-79cb747b85-8js4g,proxy,2024-06-07 14:33:32,133.485,643512Ki
oai-ausf10-595d745bf6-rtdwl,proxy,2024-06-07 14:33:32,122.618,446784Ki
oai-amf10-54d4698cb4-69vcc,proxy,2024-06-07 14:33:32,97.562,797140Ki
oai-smf10-6fcdbd788d-ffxs7,proxy,2024-06-07 14:33:32,191.511,448728Ki
oai-udr10-55dfb7cb7d-n6xhf,proxy,2024-06-07 14:33:35,177.777,368144Ki
oai-udm10-79cb747b85-8js4g,proxy,2024-06-07 14:33:35,133.485,643512Ki
oai-ausf10-595d745bf6-rtdwl,proxy,2024-06-07 14:33:35,122.618,446784Ki
oai-amf10-54d4698cb4-69vcc,proxy,2024-06-07 14:33:35,97.562,797140Ki
oai-smf10-6fcdbd788d-ffxs7,proxy,2024-06-07 14:33:35,191.511,448728Ki
oai-udr10-55dfb7cb7d-n6xhf,proxy,2024-06-07 14:33:37,177.777,368144Ki
oai-udm10-79cb747b85-8js4g,proxy,2024-06-07 14:33:38,133.485,643512Ki
oai-ausf10-595d745bf6-rtdwl,proxy,2024-06-07 14:33:38,122.618,446784Ki
oai-amf10-54d4698cb4-69vcc,proxy,2024-06-07 14:33:38,97.562,797140Ki
oai-smf10-6fcdbd788d-ffxs7,proxy,2024-06-07 14:33:38,191.511,448728Ki
oai-udr10-55dfb7cb7d-n6xhf,proxy,2024-06-07 14:33:40,219.968,381516Ki
oai-udm10-79cb747b85-8js4g,proxy,2024-06-07 14:33:40,144.763,676800Ki
oai-ausf10-595d745bf6-rtdwl,proxy,2024-06-07 14:33:41,160.068,454412Ki
oai-amf10-54d4698cb4-69vcc,proxy,2024-06-07 14:33:41,97.562,797140Ki
oai-smf10-6fcdbd788d-ffxs7,proxy,2024-06-07 14:33:41,191.511,448728Ki
oai-udr10-55dfb7cb7d-n6xhf,proxy,2024-06-07 14:33:43,219.968,381516Ki
oai-udm10-79cb747b85-8js4g,proxy,2024-06-07 14:33:43,144.763,676800Ki
oai-ausf10-595d745bf6-rtdwl,proxy,2024-06-07 14:33:43,160.068,454412Ki
oai-amf10-54d4698cb4-69vcc,proxy,2024-06-07 14:33:44,97.562,797140Ki
oai-smf10-6fcdbd788d-ffxs7,proxy,2024-06-07 14:33:44,191.511,448728Ki
oai-udr10-55dfb7cb7d-n6xhf,proxy,2024-06-07 14:33:46,219.968,381516Ki
oai-udm10-79cb747b85-8js4g,proxy,2024-06-07 14:33:46,144.763,676800Ki
oai-ausf10-595d745bf6-rtdwl,proxy,2024-06-07 14:33:46,160.068,454412Ki
oai-amf10-54d4698cb4-69vcc,proxy,2024-06-07 14:33:47,97.562,797140Ki
oai-smf10-6fcdbd788d-ffxs7,proxy,2024-06-07 14:33:47,191.511,448728Ki
oai-udr10-55dfb7cb7d-n6xhf,proxy,2024-06-07 14:33:49,219.968,381516Ki
oai-udm10-79cb747b85-8js4g,proxy,2024-06-07 14:33:49,144.763,676800Ki
oai-ausf10-595d745bf6-rtdwl,proxy,2024-06-07 14:33:49,160.068,454412Ki
oai-amf10-54d4698cb4-69vcc,proxy,2024-06-07 14:33:49,97.562,797140Ki
oai-smf10-6fcdbd788d-ffxs7,proxy,2024-06-07 14:33:50,191.511,448728Ki
oai-udr10-55dfb7cb7d-n6xhf,proxy,2024-06-07 14:33:52,219.968,381516Ki
oai-udm10-79cb747b85-8js4g,proxy,2024-06-07 14:33:52,144.763,676800Ki
oai-ausf10-595d745bf6-rtdwl,proxy,2024-06-07 14:33:52,160.068,454412Ki
oai-amf10-54d4698cb4-69vcc,proxy,2024-06-07 14:33:52,97.562,797140Ki
oai-smf10-6fcdbd788d-ffxs7,proxy,2024-06-07 14:33:52,191.511,448728Ki
oai-udr10-55dfb7cb7d-n6xhf,proxy,2024-06-07 14:33:55,219.968,381516Ki
oai-udm10-79cb747b85-8js4g,proxy,2024-06-07 14:33:55,234.432,680844Ki
oai-ausf10-595d745bf6-rtdwl,proxy,2024-06-07 14:33:55,137.106,454936Ki
oai-amf10-54d4698cb4-69vcc,proxy,2024-06-07 14:33:55,109.221,780Mi
oai-smf10-6fcdbd788d-ffxs7,proxy,2024-06-07 14:33:55,231.935,449848Ki
oai-udr10-55dfb7cb7d-n6xhf,proxy,2024-06-07 14:33:57,163.849,393036Ki
oai-udm10-79cb747b85-8js4g,proxy,2024-06-07 14:33:58,234.432,680844Ki
oai-ausf10-595d745bf6-rtdwl,proxy,2024-06-07 14:33:58,137.106,454936Ki
oai-amf10-54d4698cb4-69vcc,proxy,2024-06-07 14:33:58,109.221,780Mi
oai-smf10-6fcdbd788d-ffxs7,proxy,2024-06-07 14:33:58,231.935,449848Ki
oai-udr10-55dfb7cb7d-n6xhf,proxy,2024-06-07 14:34:00,163.849,393036Ki
oai-udm10-79cb747b85-8js4g,proxy,2024-06-07 14:34:01,234.432,680844Ki
oai-ausf10-595d745bf6-rtdwl,proxy,2024-06-07 14:34:01,137.106,454936Ki
oai-amf10-54d4698cb4-69vcc,proxy,2024-06-07 14:34:01,109.221,780Mi
oai-smf10-6fcdbd788d-ffxs7,proxy,2024-06-07 14:34:01,231.935,449848Ki
oai-udr10-55dfb7cb7d-n6xhf,proxy,2024-06-07 14:34:03,163.849,393036Ki
oai-udm10-79cb747b85-8js4g,proxy,2024-06-07 14:34:03,234.432,680844Ki
oai-ausf10-595d745bf6-rtdwl,proxy,2024-06-07 14:34:04,137.106,454936Ki
oai-amf10-54d4698cb4-69vcc,proxy,2024-06-07 14:34:04,109.221,780Mi
oai-smf10-6fcdbd788d-ffxs7,proxy,2024-06-07 14:34:04,231.935,449848Ki
oai-udr10-55dfb7cb7d-n6xhf,proxy,2024-06-07 14:34:06,163.849,393036Ki
oai-udm10-79cb747b85-8js4g,proxy,2024-06-07 14:34:06,234.432,680844Ki
oai-ausf10-595d745bf6-rtdwl,proxy,2024-06-07 14:34:07,137.106,454936Ki
oai-amf10-54d4698cb4-69vcc,proxy,2024-06-07 14:34:07,109.221,780Mi
oai-smf10-6fcdbd788d-ffxs7,proxy,2024-06-07 14:34:07,231.935,449848Ki
oai-udr10-55dfb7cb7d-n6xhf,proxy,2024-06-07 14:34:09,163.849,393036Ki
oai-udm10-79cb747b85-8js4g,proxy,2024-06-07 14:34:09,234.432,680844Ki
oai-ausf10-595d745bf6-rtdwl,proxy,2024-06-07 14:34:09,137.106,454936Ki
oai-amf10-54d4698cb4-69vcc,proxy,2024-06-07 14:34:10,109.221,780Mi
oai-smf10-6fcdbd788d-ffxs7,proxy,2024-06-07 14:34:10,231.935,449848Ki
oai-udr10-55dfb7cb7d-n6xhf,proxy,2024-06-07 14:34:12,87.962,393328Ki
oai-udm10-79cb747b85-8js4g,proxy,2024-06-07 14:34:12,114.939,681724Ki
oai-ausf10-595d745bf6-rtdwl,proxy,2024-06-07 14:34:12,111.962,455448Ki
oai-amf10-54d4698cb4-69vcc,proxy,2024-06-07 14:34:12,95.420,800500Ki
oai-smf10-6fcdbd788d-ffxs7,proxy,2024-06-07 14:34:13,194.934,450400Ki
oai-udr10-55dfb7cb7d-n6xhf,proxy,2024-06-07 14:34:15,87.962,393328Ki
oai-udm10-79cb747b85-8js4g,proxy,2024-06-07 14:34:15,114.939,681724Ki
oai-ausf10-595d745bf6-rtdwl,proxy,2024-06-07 14:34:15,111.962,455448Ki
oai-amf10-54d4698cb4-69vcc,proxy,2024-06-07 14:34:15,95.420,800500Ki
oai-smf10-6fcdbd788d-ffxs7,proxy,2024-06-07 14:34:16,194.934,450400Ki
oai-udr10-55dfb7cb7d-n6xhf,proxy,2024-06-07 14:34:18,87.962,393328Ki
oai-udm10-79cb747b85-8js4g,proxy,2024-06-07 14:34:18,114.939,681724Ki
oai-ausf10-595d745bf6-rtdwl,proxy,2024-06-07 14:34:18,111.962,455448Ki
oai-amf10-54d4698cb4-69vcc,proxy,2024-06-07 14:34:18,95.420,800500Ki
oai-smf10-6fcdbd788d-ffxs7,proxy,2024-06-07 14:34:18,194.934,450400Ki
oai-udr10-55dfb7cb7d-n6xhf,proxy,2024-06-07 14:34:21,87.962,393328Ki
oai-udm10-79cb747b85-8js4g,proxy,2024-06-07 14:34:21,114.939,681724Ki
oai-ausf10-595d745bf6-rtdwl,proxy,2024-06-07 14:34:21,111.962,455448Ki
oai-amf10-54d4698cb4-69vcc,proxy,2024-06-07 14:34:21,95.420,800500Ki
oai-smf10-6fcdbd788d-ffxs7,proxy,2024-06-07 14:34:21,194.934,450400Ki
oai-udr10-55dfb7cb7d-n6xhf,proxy,2024-06-07 14:34:24,87.962,393328Ki
oai-udm10-79cb747b85-8js4g,proxy,2024-06-07 14:34:24,114.939,681724Ki
oai-ausf10-595d745bf6-rtdwl,proxy,2024-06-07 14:34:24,111.962,455448Ki
oai-amf10-54d4698cb4-69vcc,proxy,2024-06-07 14:34:24,95.420,800500Ki
oai-smf10-6fcdbd788d-ffxs7,proxy,2024-06-07 14:34:24,194.934,450400Ki
oai-udr10-55dfb7cb7d-n6xhf,proxy,2024-06-07 14:34:26,81.083,393340Ki
oai-udm10-79cb747b85-8js4g,proxy,2024-06-07 14:34:27,98.189,681916Ki
oai-ausf10-595d745bf6-rtdwl,proxy,2024-06-07 14:34:27,99.747,456228Ki
oai-amf10-54d4698cb4-69vcc,proxy,2024-06-07 14:34:27,77.069,811408Ki
oai-smf10-6fcdbd788d-ffxs7,proxy,2024-06-07 14:34:27,164.721,457628Ki
oai-udr10-55dfb7cb7d-n6xhf,proxy,2024-06-07 14:34:29,81.083,393340Ki
oai-udm10-79cb747b85-8js4g,proxy,2024-06-07 14:34:29,98.189,681916Ki
oai-ausf10-595d745bf6-rtdwl,proxy,2024-06-07 14:34:30,99.747,456228Ki
oai-amf10-54d4698cb4-69vcc,proxy,2024-06-07 14:34:30,77.069,811408Ki
oai-smf10-6fcdbd788d-ffxs7,proxy,2024-06-07 14:34:30,164.721,457628Ki
oai-udr10-55dfb7cb7d-n6xhf,proxy,2024-06-07 14:34:32,81.083,393340Ki
oai-udm10-79cb747b85-8js4g,proxy,2024-06-07 14:34:32,98.189,681916Ki
oai-ausf10-595d745bf6-rtdwl,proxy,2024-06-07 14:34:32,99.747,456228Ki
oai-amf10-54d4698cb4-69vcc,proxy,2024-06-07 14:34:33,77.069,811408Ki
oai-smf10-6fcdbd788d-ffxs7,proxy,2024-06-07 14:34:33,164.721,457628Ki
oai-udr10-55dfb7cb7d-n6xhf,proxy,2024-06-07 14:34:35,81.083,393340Ki
oai-udm10-79cb747b85-8js4g,proxy,2024-06-07 14:34:35,98.189,681916Ki
oai-ausf10-595d745bf6-rtdwl,proxy,2024-06-07 14:34:35,99.747,456228Ki
oai-amf10-54d4698cb4-69vcc,proxy,2024-06-07 14:34:36,77.069,811408Ki
oai-smf10-6fcdbd788d-ffxs7,proxy,2024-06-07 14:34:36,164.721,457628Ki
oai-udr10-55dfb7cb7d-n6xhf,proxy,2024-06-07 14:34:38,81.083,393340Ki
oai-udm10-79cb747b85-8js4g,proxy,2024-06-07 14:34:38,98.189,681916Ki
oai-ausf10-595d745bf6-rtdwl,proxy,2024-06-07 14:34:38,99.747,456228Ki
oai-amf10-54d4698cb4-69vcc,proxy,2024-06-07 14:34:38,77.069,811408Ki
oai-smf10-6fcdbd788d-ffxs7,proxy,2024-06-07 14:34:39,164.721,457628Ki
oai-udr10-55dfb7cb7d-n6xhf,proxy,2024-06-07 14:34:41,47.067,393404Ki
oai-udm10-79cb747b85-8js4g,proxy,2024-06-07 14:34:41,90.990,682388Ki
oai-ausf10-595d745bf6-rtdwl,proxy,2024-06-07 14:34:41,64.735,456988Ki
oai-amf10-54d4698cb4-69vcc,proxy,2024-06-07 14:34:41,71.280,835528Ki
oai-smf10-6fcdbd788d-ffxs7,proxy,2024-06-07 14:34:41,128.523,475768Ki
oai-udr10-55dfb7cb7d-n6xhf,proxy,2024-06-07 14:34:44,47.067,393404Ki
oai-udm10-79cb747b85-8js4g,proxy,2024-06-07 14:34:44,90.990,682388Ki
oai-ausf10-595d745bf6-rtdwl,proxy,2024-06-07 14:34:44,64.735,456988Ki
oai-amf10-54d4698cb4-69vcc,proxy,2024-06-07 14:34:44,71.280,835528Ki
oai-smf10-6fcdbd788d-ffxs7,proxy,2024-06-07 14:34:44,128.523,475768Ki
oai-udr10-55dfb7cb7d-n6xhf,proxy,2024-06-07 14:34:46,47.067,393404Ki
oai-udm10-79cb747b85-8js4g,proxy,2024-06-07 14:34:47,90.990,682388Ki
oai-ausf10-595d745bf6-rtdwl,proxy,2024-06-07 14:34:47,64.735,456988Ki
oai-amf10-54d4698cb4-69vcc,proxy,2024-06-07 14:34:47,71.280,835528Ki
oai-smf10-6fcdbd788d-ffxs7,proxy,2024-06-07 14:34:47,128.523,475768Ki
oai-udr10-55dfb7cb7d-n6xhf,proxy,2024-06-07 14:34:49,47.067,393404Ki
oai-udm10-79cb747b85-8js4g,proxy,2024-06-07 14:34:49,90.990,682388Ki
oai-ausf10-595d745bf6-rtdwl,proxy,2024-06-07 14:34:50,64.735,456988Ki
oai-amf10-54d4698cb4-69vcc,proxy,2024-06-07 14:34:50,71.280,835528Ki
oai-smf10-6fcdbd788d-ffxs7,proxy,2024-06-07 14:34:50,128.523,475768Ki
oai-udr10-55dfb7cb7d-n6xhf,proxy,2024-06-07 14:34:52,47.067,393404Ki
oai-udm10-79cb747b85-8js4g,proxy,2024-06-07 14:34:52,90.990,682388Ki
oai-ausf10-595d745bf6-rtdwl,proxy,2024-06-07 14:34:52,64.735,456988Ki
oai-amf10-54d4698cb4-69vcc,proxy,2024-06-07 14:34:53,71.280,835528Ki
oai-smf10-6fcdbd788d-ffxs7,proxy,2024-06-07 14:34:53,128.523,475768Ki
oai-udr10-55dfb7cb7d-n6xhf,proxy,2024-06-07 14:34:55,89.464,393656Ki
oai-udm10-79cb747b85-8js4g,proxy,2024-06-07 14:34:55,45.587,682604Ki
oai-ausf10-595d745bf6-rtdwl,proxy,2024-06-07 14:34:55,110.088,466180Ki
oai-amf10-54d4698cb4-69vcc,proxy,2024-06-07 14:34:55,56.855,854536Ki
oai-smf10-6fcdbd788d-ffxs7,proxy,2024-06-07 14:34:56,241.229,492504Ki
oai-udr10-55dfb7cb7d-n6xhf,proxy,2024-06-07 14:34:58,89.464,393656Ki
oai-udm10-79cb747b85-8js4g,proxy,2024-06-07 14:34:58,45.587,682604Ki
oai-ausf10-595d745bf6-rtdwl,proxy,2024-06-07 14:34:58,110.088,466180Ki
oai-amf10-54d4698cb4-69vcc,proxy,2024-06-07 14:34:58,56.855,854536Ki
oai-smf10-6fcdbd788d-ffxs7,proxy,2024-06-07 14:34:58,241.229,492504Ki
oai-udr10-55dfb7cb7d-n6xhf,proxy,2024-06-07 14:35:01,89.464,393656Ki
oai-udm10-79cb747b85-8js4g,proxy,2024-06-07 14:35:01,45.587,682604Ki
oai-ausf10-595d745bf6-rtdwl,proxy,2024-06-07 14:35:01,110.088,466180Ki
oai-amf10-54d4698cb4-69vcc,proxy,2024-06-07 14:35:01,56.855,854536Ki
oai-smf10-6fcdbd788d-ffxs7,proxy,2024-06-07 14:35:01,241.229,492504Ki
oai-udr10-55dfb7cb7d-n6xhf,proxy,2024-06-07 14:35:04,89.464,393656Ki
oai-udm10-79cb747b85-8js4g,proxy,2024-06-07 14:35:04,45.587,682604Ki
oai-ausf10-595d745bf6-rtdwl,proxy,2024-06-07 14:35:04,110.088,466180Ki
oai-amf10-54d4698cb4-69vcc,proxy,2024-06-07 14:35:04,56.855,854536Ki
oai-smf10-6fcdbd788d-ffxs7,proxy,2024-06-07 14:35:04,241.229,492504Ki
oai-udr10-55dfb7cb7d-n6xhf,proxy,2024-06-07 14:35:06,89.464,393656Ki
oai-udm10-79cb747b85-8js4g,proxy,2024-06-07 14:35:07,45.587,682604Ki
oai-ausf10-595d745bf6-rtdwl,proxy,2024-06-07 14:35:07,110.088,466180Ki
oai-amf10-54d4698cb4-69vcc,proxy,2024-06-07 14:35:07,56.855,854536Ki
oai-smf10-6fcdbd788d-ffxs7,proxy,2024-06-07 14:35:07,241.229,492504Ki
oai-udr10-55dfb7cb7d-n6xhf,proxy,2024-06-07 14:35:09,89.464,393656Ki
oai-udm10-79cb747b85-8js4g,proxy,2024-06-07 14:35:09,45.587,682604Ki
oai-ausf10-595d745bf6-rtdwl,proxy,2024-06-07 14:35:10,110.088,466180Ki
oai-amf10-54d4698cb4-69vcc,proxy,2024-06-07 14:35:10,189.016,861148Ki
oai-smf10-6fcdbd788d-ffxs7,proxy,2024-06-07 14:35:10,223.048,492872Ki
oai-udr10-55dfb7cb7d-n6xhf,proxy,2024-06-07 14:35:12,103.593,394216Ki
oai-udm10-79cb747b85-8js4g,proxy,2024-06-07 14:35:12,121.238,683432Ki
oai-ausf10-595d745bf6-rtdwl,proxy,2024-06-07 14:35:12,131.560,487556Ki
oai-amf10-54d4698cb4-69vcc,proxy,2024-06-07 14:35:13,189.016,861148Ki
oai-smf10-6fcdbd788d-ffxs7,proxy,2024-06-07 14:35:13,223.048,492872Ki
oai-udr10-55dfb7cb7d-n6xhf,proxy,2024-06-07 14:35:15,103.593,394216Ki
oai-udm10-79cb747b85-8js4g,proxy,2024-06-07 14:35:15,121.238,683432Ki
oai-ausf10-595d745bf6-rtdwl,proxy,2024-06-07 14:35:15,131.560,487556Ki
oai-amf10-54d4698cb4-69vcc,proxy,2024-06-07 14:35:16,189.016,861148Ki
oai-smf10-6fcdbd788d-ffxs7,proxy,2024-06-07 14:35:16,223.048,492872Ki
oai-udr10-55dfb7cb7d-n6xhf,proxy,2024-06-07 14:35:18,103.593,394216Ki
oai-udm10-79cb747b85-8js4g,proxy,2024-06-07 14:35:18,121.238,683432Ki
oai-ausf10-595d745bf6-rtdwl,proxy,2024-06-07 14:35:18,131.560,487556Ki
oai-amf10-54d4698cb4-69vcc,proxy,2024-06-07 14:35:19,189.016,861148Ki
oai-smf10-6fcdbd788d-ffxs7,proxy,2024-06-07 14:35:19,223.048,492872Ki
oai-udr10-55dfb7cb7d-n6xhf,proxy,2024-06-07 14:35:21,103.593,394216Ki
oai-udm10-79cb747b85-8js4g,proxy,2024-06-07 14:35:21,121.238,683432Ki
oai-ausf10-595d745bf6-rtdwl,proxy,2024-06-07 14:35:21,131.560,487556Ki
oai-amf10-54d4698cb4-69vcc,proxy,2024-06-07 14:35:21,189.016,861148Ki
oai-smf10-6fcdbd788d-ffxs7,proxy,2024-06-07 14:35:22,223.048,492872Ki
oai-udr10-55dfb7cb7d-n6xhf,proxy,2024-06-07 14:35:24,103.593,394216Ki
oai-udm10-79cb747b85-8js4g,proxy,2024-06-07 14:35:24,121.238,683432Ki
oai-ausf10-595d745bf6-rtdwl,proxy,2024-06-07 14:35:24,131.560,487556Ki
oai-amf10-54d4698cb4-69vcc,proxy,2024-06-07 14:35:24,189.016,861148Ki
oai-smf10-6fcdbd788d-ffxs7,proxy,2024-06-07 14:35:24,223.048,492872Ki
oai-udr10-55dfb7cb7d-n6xhf,proxy,2024-06-07 14:35:27,86.935,394796Ki
oai-udm10-79cb747b85-8js4g,proxy,2024-06-07 14:35:27,130.084,685216Ki
oai-ausf10-595d745bf6-rtdwl,proxy,2024-06-07 14:35:27,190.324,500640Ki
oai-amf10-54d4698cb4-69vcc,proxy,2024-06-07 14:35:27,102.470,863224Ki
oai-smf10-6fcdbd788d-ffxs7,proxy,2024-06-07 14:35:27,193.982,493168Ki
oai-udr10-55dfb7cb7d-n6xhf,proxy,2024-06-07 14:35:30,86.935,394796Ki
oai-udm10-79cb747b85-8js4g,proxy,2024-06-07 14:35:30,130.084,685216Ki
oai-ausf10-595d745bf6-rtdwl,proxy,2024-06-07 14:35:30,190.324,500640Ki
oai-amf10-54d4698cb4-69vcc,proxy,2024-06-07 14:35:30,102.470,863224Ki
oai-smf10-6fcdbd788d-ffxs7,proxy,2024-06-07 14:35:30,193.982,493168Ki
oai-udr10-55dfb7cb7d-n6xhf,proxy,2024-06-07 14:35:33,86.935,394796Ki
oai-udm10-79cb747b85-8js4g,proxy,2024-06-07 14:35:33,130.084,685216Ki
oai-ausf10-595d745bf6-rtdwl,proxy,2024-06-07 14:35:33,190.324,500640Ki
oai-amf10-54d4698cb4-69vcc,proxy,2024-06-07 14:35:33,102.470,863224Ki
oai-smf10-6fcdbd788d-ffxs7,proxy,2024-06-07 14:35:33,193.982,493168Ki
oai-udr10-55dfb7cb7d-n6xhf,proxy,2024-06-07 14:35:35,86.935,394796Ki
oai-udm10-79cb747b85-8js4g,proxy,2024-06-07 14:35:36,130.084,685216Ki
oai-ausf10-595d745bf6-rtdwl,proxy,2024-06-07 14:35:36,190.324,500640Ki
oai-amf10-54d4698cb4-69vcc,proxy,2024-06-07 14:35:36,102.470,863224Ki
oai-smf10-6fcdbd788d-ffxs7,proxy,2024-06-07 14:35:36,193.982,493168Ki
oai-udr10-55dfb7cb7d-n6xhf,proxy,2024-06-07 14:35:38,86.935,394796Ki
oai-udm10-79cb747b85-8js4g,proxy,2024-06-07 14:35:38,130.084,685216Ki
oai-ausf10-595d745bf6-rtdwl,proxy,2024-06-07 14:35:39,190.324,500640Ki
oai-amf10-54d4698cb4-69vcc,proxy,2024-06-07 14:35:39,102.470,863224Ki
oai-smf10-6fcdbd788d-ffxs7,proxy,2024-06-07 14:35:39,193.982,493168Ki
oai-udr10-55dfb7cb7d-n6xhf,proxy,2024-06-07 14:35:41,112.023,397924Ki
oai-udm10-79cb747b85-8js4g,proxy,2024-06-07 14:35:41,107.039,702200Ki
oai-ausf10-595d745bf6-rtdwl,proxy,2024-06-07 14:35:41,125.086,501080Ki
oai-amf10-54d4698cb4-69vcc,proxy,2024-06-07 14:35:42,100.888,865732Ki
oai-smf10-6fcdbd788d-ffxs7,proxy,2024-06-07 14:35:42,204.807,493512Ki
